Unnamed: 0,Ticker,Open_trade_datetime,Open_trade_price,Open_trade_num,size,open_commission,Close_trade_datetime,Close_trade_price,Close_trade_num,close_commission
0,cf2309,2023-04-06 21:00:00,14685.0,1,5.0,4.299999999999999,2023-04-06 21:25:00,14770.0,-1,4.299999999999999
1,cf2309,2023-04-06 21:00:00,14695.0,1,5.0,4.299999999999999,2023-04-06 21:25:00,14775.0,-1,4.299999999999999
2,cf2309,2023-04-06 21:45:00,14730.0,-1,5.0,4.299999999999999,2023-04-06 21:57:00,14725.0,1,4.299999999999999
3,cf2309,2023-04-06 21:44:00,14710.0,-1,5.0,4.299999999999999,2023-04-06 21:57:00,14725.0,1,4.299999999999999
4,cf2309,2023-04-06 22:13:00,14760.0,1,5.0,4.299999999999999,2023-04-06 22:28:00,14770.0,-1,4.299999999999999
5,cf2309,2023-04-06 22:54:00,14790.0,1,5.0,4.299999999999999,2023-04-06 22:59:00,14805.0,-1,4.299999999999999
6,cf2309,2023-04-07 09:00:00,14800.0,1,5.0,4.299999999999999,2023-04-07 09:11:00,14835.0,-1,4.299999999999999
7,cf2309,2023-04-07 09:00:00,14815.0,1,5.0,4.299999999999999,2023-04-07 09:12:00,14845.0,-1,4.299999999999999
8,cf2309,2023-04-07 09:12:00,14845.0,1,5.0,4.299999999999999,2023-04-07 09:35:00,14835.0,-1,4.299999999999999
9,cf2309,2023-04-07 10:30:00,14870.0,1,5.0,4.299999999999999,2023-04-07 11:00:00,14890.0,-1,4.299999999999999
10,cf2309,2023-04-07 13:58:00,14860.0,-1,5.0,4.299999999999999,2023-04-07 14:12:00,14870.0,1,4.299999999999999
11,cf2309,2023-04-07 13:53:00,14860.0,-1,5.0,4.299999999999999,2023-04-07 14:14:00,14860.0,1,4.299999999999999
12,cf2309,2023-04-07 14:32:00,14870.0,1,5.0,4.299999999999999,2023-04-07 14:40:00,14875.0,-1,4.299999999999999
13,cf2309,2023-04-07 14:32:00,14870.0,1,5.0,4.299999999999999,2023-04-07 14:40:00,14875.0,-1,4.299999999999999
14,cf2309,2023-04-07 21:08:00,14865.0,-1,5.0,4.299999999999999,2023-04-07 21:13:00,14855.0,1,4.299999999999999
15,cf2309,2023-04-07 21:16:00,14850.0,-1,5.0,4.299999999999999,2023-04-07 21:31:00,14850.0,1,4.299999999999999
16,cf2309,2023-04-07 21:47:00,14870.0,1,5.0,4.299999999999999,2023-04-07 22:00:00,14880.0,-1,4.299999999999999
17,cf2309,2023-04-07 22:53:00,14875.0,-1,5.0,4.299999999999999,2023-04-10 09:19:00,14785.0,1,4.299999999999999
18,cf2309,2023-04-07 22:53:00,14870.0,-1,5.0,4.299999999999999,2023-04-10 09:27:00,14775.0,1,4.299999999999999
19,cf2309,2023-04-10 10:52:00,14850.0,1,5.0,4.299999999999999,2023-04-10 10:54:00,14865.0,-1,4.299999999999999
20,cf2309,2023-04-10 11:21:00,14820.0,-1,5.0,4.299999999999999,2023-04-10 14:07:00,14790.0,1,4.299999999999999
21,cf2309,2023-04-10 21:07:00,14790.0,1,5.0,4.299999999999999,2023-04-10 21:11:00,14785.0,-1,4.299999999999999
22,cf2309,2023-04-10 21:11:00,14785.0,-1,5.0,4.299999999999999,2023-04-10 21:36:00,14755.0,1,4.299999999999999
23,cf2309,2023-04-10 21:58:00,14755.0,-1,5.0,4.299999999999999,2023-04-10 22:00:00,14755.0,1,4.299999999999999
24,cf2309,2023-04-10 21:58:00,14755.0,-1,5.0,4.299999999999999,2023-04-10 22:27:00,14745.0,1,4.299999999999999
25,cf2309,2023-04-10 22:28:00,14745.0,-1,5.0,4.299999999999999,2023-04-10 22:59:00,14730.0,1,4.299999999999999
26,cf2309,2023-04-11 09:00:00,14720.0,-1,5.0,4.299999999999999,2023-04-11 09:32:00,14665.0,1,4.299999999999999
27,cf2309,2023-04-11 09:46:00,14640.0,-1,5.0,4.299999999999999,2023-04-11 10:07:00,14635.0,1,4.299999999999999
28,cf2309,2023-04-11 10:39:00,14660.0,1,5.0,4.299999999999999,2023-04-11 10:43:00,14665.0,-1,4.299999999999999
29,cf2309,2023-04-11 13:43:00,14690.0,-1,5.0,4.299999999999999,2023-04-11 13:48:00,14675.0,1,4.299999999999999
30,cf2309,2023-04-11 14:48:00,14760.0,1,5.0,4.299999999999999,2023-04-11 14:53:00,14770.0,-1,4.299999999999999
31,cf2309,2023-04-11 21:16:00,14760.0,-1,5.0,4.299999999999999,2023-04-11 21:24:00,14785.0,1,4.299999999999999
32,cf2309,2023-04-11 21:13:00,14760.0,-1,5.0,4.299999999999999,2023-04-11 21:26:00,14770.0,1,4.299999999999999
33,cf2309,2023-04-11 21:26:00,14770.0,1,5.0,4.299999999999999,2023-04-11 21:32:00,14780.0,-1,4.299999999999999
34,cf2309,2023-04-11 21:25:00,14775.0,1,5.0,4.299999999999999,2023-04-11 21:32:00,14785.0,-1,4.299999999999999
35,cf2309,2023-04-12 09:00:00,14750.0,-1,5.0,4.299999999999999,2023-04-12 09:08:00,14755.0,1,4.299999999999999
36,cf2309,2023-04-12 09:19:00,14755.0,1,5.0,4.299999999999999,2023-04-12 10:32:00,14760.0,-1,4.299999999999999
37,cf2309,2023-04-12 10:58:00,14720.0,-1,5.0,4.299999999999999,2023-04-12 11:18:00,14715.0,1,4.299999999999999
38,cf2309,2023-04-12 21:14:00,14715.0,-1,5.0,4.299999999999999,2023-04-12 21:31:00,14720.0,1,4.299999999999999
39,cf2309,2023-04-12 21:34:00,14710.0,-1,5.0,4.299999999999999,2023-04-12 22:00:00,14715.0,1,4.299999999999999
40,cf2309,2023-04-12 22:35:00,14705.0,-1,5.0,4.299999999999999,2023-04-12 22:56:00,14710.0,1,4.299999999999999
41,cf2309,2023-04-12 22:59:00,14695.0,-1,5.0,4.299999999999999,2023-04-13 09:00:00,14670.0,1,4.299999999999999
42,cf2309,2023-04-13 09:00:00,14705.0,-1,5.0,4.299999999999999,2023-04-13 09:13:00,14685.0,1,4.299999999999999
43,cf2309,2023-04-11 13:41:00,14680.0,-1,5.0,4.299999999999999,2023-04-13 09:13:00,14685.0,1,4.299999999999999
44,cf2309,2023-04-12 22:13:00,14730.0,1,5.0,4.299999999999999,2023-04-13 09:29:00,14730.0,-1,4.299999999999999
45,cf2309,2023-04-13 10:34:00,14770.0,1,5.0,4.299999999999999,2023-04-13 10:43:00,14740.0,-1,4.299999999999999
46,cf2309,2023-04-13 10:43:00,14735.0,-1,5.0,4.299999999999999,2023-04-13 13:37:00,14745.0,1,4.299999999999999
47,cf2309,2023-04-13 13:46:00,14755.0,-1,5.0,4.299999999999999,2023-04-13 14:00:00,14810.0,1,4.299999999999999
48,cf2309,2023-04-13 13:46:00,14755.0,-1,5.0,4.299999999999999,2023-04-13 14:03:00,14805.0,1,4.299999999999999
49,cf2309,2023-04-13 14:00:00,14810.0,1,5.0,4.299999999999999,2023-04-13 14:11:00,14815.0,-1,4.299999999999999
50,cf2309,2023-04-13 14:30:00,14810.0,1,5.0,4.299999999999999,2023-04-13 14:35:00,14830.0,-1,4.299999999999999
51,cf2309,2023-04-13 14:29:00,14815.0,1,5.0,4.299999999999999,2023-04-13 14:35:00,14830.0,-1,4.299999999999999
52,cf2309,2023-04-07 11:18:00,14890.0,1,5.0,4.299999999999999,2023-04-13 14:59:00,14915.0,-1,4.299999999999999
53,cf2309,2023-04-13 22:31:00,14945.0,1,5.0,4.299999999999999,2023-04-13 22:48:00,14960.0,-1,4.299999999999999
54,cf2309,2023-04-13 22:49:00,14960.0,1,5.0,4.299999999999999,2023-04-13 22:59:00,14965.0,-1,4.299999999999999
55,cf2309,2023-04-13 21:42:00,14910.0,-1,5.0,4.299999999999999,2023-04-14 09:00:00,14750.0,1,4.299999999999999
56,cf2309,2023-04-13 21:41:00,14900.0,-1,5.0,4.299999999999999,2023-04-14 09:00:00,14900.0,1,4.299999999999999
57,cf2309,2023-04-13 13:46:00,14755.0,-1,5.0,4.299999999999999,2023-04-14 09:00:00,14900.0,1,4.299999999999999
58,cf2309,2023-04-14 09:09:00,14960.0,1,5.0,4.299999999999999,2023-04-14 09:17:00,14980.0,-1,4.299999999999999
59,cf2309,2023-04-14 09:01:00,14965.0,1,5.0,4.299999999999999,2023-04-14 09:17:00,14980.0,-1,4.299999999999999
60,cf2309,2023-04-14 10:02:00,15010.0,1,5.0,4.299999999999999,2023-04-14 13:54:00,14995.0,-1,4.299999999999999
61,cf2309,2023-04-14 14:22:00,14975.0,-1,5.0,4.299999999999999,2023-04-14 14:23:00,14955.0,1,4.299999999999999
62,cf2309,2023-04-14 10:49:00,14955.0,-1,5.0,4.299999999999999,2023-04-14 14:59:00,14785.0,1,4.299999999999999
63,cf2309,2023-04-14 22:09:00,14880.0,-1,5.0,4.299999999999999,2023-04-14 22:22:00,14885.0,1,4.299999999999999
64,cf2309,2023-04-14 22:25:00,14875.0,-1,5.0,4.299999999999999,2023-04-17 09:00:00,14850.0,1,4.299999999999999
65,cf2309,2023-04-17 09:00:00,14895.0,1,5.0,4.299999999999999,2023-04-17 09:13:00,14960.0,-1,4.299999999999999
66,cf2309,2023-04-17 09:16:00,14930.0,1,5.0,4.299999999999999,2023-04-17 09:39:00,15050.0,-1,4.299999999999999
67,cf2309,2023-04-17 09:14:00,14960.0,1,5.0,4.299999999999999,2023-04-17 09:48:00,15060.0,-1,4.299999999999999
68,cf2309,2023-04-17 10:41:00,15070.0,1,5.0,4.299999999999999,2023-04-17 10:48:00,15085.0,-1,4.299999999999999
69,cf2309,2023-04-17 10:40:00,15085.0,1,5.0,4.299999999999999,2023-04-17 10:54:00,15095.0,-1,4.299999999999999
70,cf2309,2023-04-17 11:04:00,15090.0,1,5.0,4.299999999999999,2023-04-17 11:17:00,15085.0,-1,4.299999999999999
71,cf2309,2023-04-17 11:21:00,15090.0,-1,5.0,4.299999999999999,2023-04-17 11:24:00,15110.0,1,4.299999999999999
72,cf2309,2023-04-17 11:24:00,15110.0,1,5.0,4.299999999999999,2023-04-17 13:54:00,15140.0,-1,4.299999999999999
73,cf2309,2023-04-17 14:38:00,15150.0,1,5.0,4.299999999999999,2023-04-17 14:44:00,15150.0,-1,4.299999999999999
74,cf2309,2023-04-17 11:21:00,15085.0,-1,5.0,4.299999999999999,2023-04-17 21:00:00,15095.0,1,4.299999999999999
75,cf2309,2023-04-17 21:00:00,15115.0,-1,5.0,4.299999999999999,2023-04-17 21:03:00,15100.0,1,4.299999999999999
76,cf2309,2023-04-17 21:08:00,15110.0,-1,5.0,4.299999999999999,2023-04-17 21:17:00,15110.0,1,4.299999999999999
77,cf2309,2023-04-18 09:09:00,15120.0,-1,5.0,4.299999999999999,2023-04-18 09:14:00,15115.0,1,4.299999999999999
78,cf2309,2023-04-18 09:09:00,15120.0,-1,5.0,4.299999999999999,2023-04-18 09:17:00,15110.0,1,4.299999999999999
79,cf2309,2023-04-18 09:18:00,15110.0,1,5.0,4.299999999999999,2023-04-18 09:22:00,15090.0,-1,4.299999999999999
80,cf2309,2023-04-18 09:18:00,15115.0,1,5.0,4.299999999999999,2023-04-18 09:53:00,15105.0,-1,4.299999999999999
81,cf2309,2023-04-18 10:13:00,15090.0,-1,5.0,4.299999999999999,2023-04-18 10:31:00,15085.0,1,4.299999999999999
82,cf2309,2023-04-17 10:08:00,15025.0,-1,5.0,4.299999999999999,2023-04-18 10:35:00,15050.0,1,4.299999999999999
83,cf2309,2023-04-18 10:35:00,15060.0,-1,5.0,4.299999999999999,2023-04-18 10:52:00,15060.0,1,4.299999999999999
84,cf2309,2023-04-17 14:38:00,15150.0,1,5.0,4.299999999999999,2023-04-18 14:56:00,15160.0,-1,4.299999999999999
85,cf2309,2023-04-18 14:57:00,15155.0,1,5.0,4.299999999999999,2023-04-18 21:24:00,15135.0,-1,4.299999999999999
86,cf2309,2023-04-18 21:16:00,15110.0,-1,5.0,4.299999999999999,2023-04-18 21:32:00,15120.0,1,4.299999999999999
87,cf2309,2023-04-18 22:18:00,15170.0,1,5.0,4.299999999999999,2023-04-18 22:21:00,15195.0,-1,4.299999999999999
88,cf2309,2023-04-18 21:55:00,15150.0,1,5.0,4.299999999999999,2023-04-19 09:00:00,15205.0,-1,4.299999999999999
89,cf2309,2023-04-19 09:01:00,15195.0,1,5.0,4.299999999999999,2023-04-19 09:13:00,15160.0,-1,4.299999999999999
90,cf2309,2023-04-19 09:00:00,15210.0,1,5.0,4.299999999999999,2023-04-19 09:19:00,15165.0,-1,4.299999999999999
91,cf2309,2023-04-19 09:16:00,15160.0,-1,5.0,4.299999999999999,2023-04-19 09:22:00,15165.0,1,4.299999999999999
92,cf2309,2023-04-19 09:09:00,15150.0,-1,5.0,4.299999999999999,2023-04-19 09:33:00,15160.0,1,4.299999999999999
93,cf2309,2023-04-19 10:33:00,15160.0,-1,5.0,4.299999999999999,2023-04-19 10:36:00,15160.0,1,4.299999999999999
94,cf2309,2023-04-19 10:33:00,15160.0,-1,5.0,4.299999999999999,2023-04-19 10:37:00,15155.0,1,4.299999999999999
95,cf2309,2023-04-19 10:39:00,15150.0,-1,5.0,4.299999999999999,2023-04-19 11:19:00,15130.0,1,4.299999999999999
96,cf2309,2023-04-19 13:33:00,15150.0,1,5.0,4.299999999999999,2023-04-19 13:45:00,15160.0,-1,4.299999999999999
97,cf2309,2023-04-19 11:19:00,15130.0,-1,5.0,4.299999999999999,2023-04-19 14:09:00,15135.0,1,4.299999999999999
98,cf2309,2023-04-19 13:48:00,15165.0,1,5.0,4.299999999999999,2023-04-19 14:55:00,15160.0,-1,4.299999999999999
99,cf2309,2023-04-19 14:20:00,15130.0,-1,5.0,4.299999999999999,2023-04-19 14:59:00,15115.0,1,4.299999999999999
100,cf2309,2023-04-19 14:10:00,15135.0,-1,5.0,4.299999999999999,2023-04-19 14:59:00,15110.0,1,4.299999999999999
101,cf2309,2023-04-19 21:00:00,15150.0,1,5.0,4.299999999999999,2023-04-19 21:10:00,15135.0,-1,4.299999999999999
102,cf2309,2023-04-19 21:00:00,15155.0,1,5.0,4.299999999999999,2023-04-19 21:31:00,15130.0,-1,4.299999999999999
103,cf2309,2023-04-19 21:10:00,15135.0,-1,5.0,4.299999999999999,2023-04-19 21:39:00,15115.0,1,4.299999999999999
104,cf2309,2023-04-19 21:00:00,15160.0,1,5.0,4.299999999999999,2023-04-19 21:44:00,15145.0,-1,4.299999999999999
105,cf2309,2023-04-19 21:46:00,15145.0,1,5.0,4.299999999999999,2023-04-19 22:06:00,15155.0,-1,4.299999999999999
106,cf2309,2023-04-19 22:52:00,15170.0,-1,5.0,4.299999999999999,2023-04-20 09:15:00,15125.0,1,4.299999999999999
107,cf2309,2023-04-19 22:52:00,15170.0,-1,5.0,4.299999999999999,2023-04-20 09:15:00,15125.0,1,4.299999999999999
108,cf2309,2023-04-20 09:36:00,15140.0,-1,5.0,4.299999999999999,2023-04-20 09:37:00,15125.0,1,4.299999999999999
109,cf2309,2023-04-20 09:48:00,15150.0,1,5.0,4.299999999999999,2023-04-20 10:04:00,15165.0,-1,4.299999999999999
110,cf2309,2023-04-20 10:05:00,15165.0,1,5.0,4.299999999999999,2023-04-20 10:43:00,15145.0,-1,4.299999999999999
111,cf2309,2023-04-20 09:28:00,15115.0,-1,5.0,4.299999999999999,2023-04-20 11:01:00,15120.0,1,4.299999999999999
112,cf2309,2023-04-20 11:01:00,15125.0,-1,5.0,4.299999999999999,2023-04-20 13:30:00,15135.0,1,4.299999999999999
113,cf2309,2023-04-20 11:22:00,15150.0,1,5.0,4.299999999999999,2023-04-20 13:35:00,15150.0,-1,4.299999999999999
114,cf2309,2023-04-20 13:42:00,15140.0,1,5.0,4.299999999999999,2023-04-20 13:45:00,15155.0,-1,4.299999999999999
115,cf2309,2023-04-20 13:36:00,15155.0,1,5.0,4.299999999999999,2023-04-20 13:48:00,15165.0,-1,4.299999999999999
116,cf2309,2023-04-20 13:49:00,15165.0,1,5.0,4.299999999999999,2023-04-20 14:26:00,15175.0,-1,4.299999999999999
117,cf2309,2023-04-20 21:06:00,15085.0,-1,5.0,4.299999999999999,2023-04-20 21:09:00,15030.0,1,4.299999999999999
118,cf2309,2023-04-20 21:00:00,14970.0,-1,5.0,4.299999999999999,2023-04-20 21:13:00,15035.0,1,4.299999999999999
119,cf2309,2023-04-20 22:11:00,15030.0,-1,5.0,4.299999999999999,2023-04-20 22:17:00,15025.0,1,4.299999999999999
120,cf2309,2023-04-20 22:11:00,15030.0,-1,5.0,4.299999999999999,2023-04-20 22:22:00,15020.0,1,4.299999999999999
121,cf2309,2023-04-20 22:22:00,15015.0,-1,5.0,4.299999999999999,2023-04-21 09:36:00,14920.0,1,4.299999999999999
122,cf2309,2023-04-21 09:26:00,14940.0,1,5.0,4.299999999999999,2023-04-21 09:42:00,14945.0,-1,4.299999999999999
123,cf2309,2023-04-21 09:51:00,14930.0,1,5.0,4.299999999999999,2023-04-21 09:57:00,14935.0,-1,4.299999999999999
124,cf2309,2023-04-21 09:51:00,14930.0,1,5.0,4.299999999999999,2023-04-21 10:09:00,14940.0,-1,4.299999999999999
125,cf2309,2023-04-21 09:51:00,14930.0,1,5.0,4.299999999999999,2023-04-21 10:10:00,14945.0,-1,4.299999999999999
126,cf2309,2023-04-21 10:03:00,14915.0,-1,5.0,4.299999999999999,2023-04-21 10:31:00,14925.0,1,4.299999999999999
127,cf2309,2023-04-21 11:13:00,14920.0,-1,5.0,4.299999999999999,2023-04-21 11:20:00,14920.0,1,4.299999999999999
128,cf2309,2023-04-21 11:11:00,14910.0,-1,5.0,4.299999999999999,2023-04-21 11:22:00,14910.0,1,4.299999999999999
129,cf2309,2023-04-21 13:33:00,14890.0,-1,5.0,4.299999999999999,2023-04-21 13:57:00,14880.0,1,4.299999999999999
130,cf2309,2023-04-21 11:25:00,14880.0,-1,5.0,4.299999999999999,2023-04-21 13:57:00,14875.0,1,4.299999999999999
131,cf2309,2023-04-21 14:11:00,14855.0,-1,5.0,4.299999999999999,2023-04-21 14:28:00,14855.0,1,4.299999999999999
132,cf2309,2023-04-21 14:39:00,14815.0,-1,5.0,4.299999999999999,2023-04-21 21:03:00,14835.0,1,4.299999999999999
133,cf2309,2023-04-21 14:29:00,14835.0,-1,5.0,4.299999999999999,2023-04-21 21:04:00,14830.0,1,4.299999999999999
134,cf2309,2023-04-21 21:02:00,14840.0,1,5.0,4.299999999999999,2023-04-21 21:11:00,14850.0,-1,4.299999999999999
135,cf2309,2023-04-21 21:01:00,14855.0,1,5.0,4.299999999999999,2023-04-21 21:11:00,14850.0,-1,4.299999999999999
136,cf2309,2023-04-21 21:00:00,14875.0,1,5.0,4.299999999999999,2023-04-21 21:11:00,14855.0,-1,4.299999999999999
137,cf2309,2023-04-21 21:25:00,14885.0,1,5.0,4.299999999999999,2023-04-21 21:36:00,14890.0,-1,4.299999999999999
138,cf2309,2023-04-21 22:04:00,14860.0,-1,5.0,4.299999999999999,2023-04-21 22:08:00,14845.0,1,4.299999999999999
139,cf2309,2023-04-21 22:04:00,14860.0,-1,5.0,4.299999999999999,2023-04-21 22:08:00,14845.0,1,4.299999999999999
140,cf2309,2023-04-21 22:04:00,14860.0,-1,5.0,4.299999999999999,2023-04-21 22:09:00,14840.0,1,4.299999999999999
141,cf2309,2023-04-21 22:16:00,14860.0,-1,5.0,4.299999999999999,2023-04-21 22:28:00,14845.0,1,4.299999999999999
142,cf2309,2023-04-21 22:32:00,14830.0,-1,5.0,4.299999999999999,2023-04-24 09:00:00,14765.0,1,4.299999999999999
143,cf2309,2023-04-24 09:11:00,14825.0,1,5.0,4.299999999999999,2023-04-24 09:19:00,14825.0,-1,4.299999999999999
144,cf2309,2023-04-24 09:10:00,14840.0,1,5.0,4.299999999999999,2023-04-24 09:20:00,14835.0,-1,4.299999999999999
145,cf2309,2023-04-24 09:23:00,14850.0,1,5.0,4.299999999999999,2023-04-24 09:29:00,14875.0,-1,4.299999999999999
146,cf2309,2023-04-21 21:42:00,14870.0,1,5.0,4.299999999999999,2023-04-24 10:05:00,14880.0,-1,4.299999999999999
147,cf2309,2023-04-24 11:21:00,14895.0,-1,5.0,4.299999999999999,2023-04-24 11:29:00,14890.0,1,4.299999999999999
148,cf2309,2023-04-24 11:20:00,14885.0,-1,5.0,4.299999999999999,2023-04-24 11:29:00,14890.0,1,4.299999999999999
149,cf2309,2023-04-24 14:05:00,14900.0,1,5.0,4.299999999999999,2023-04-24 14:19:00,14915.0,-1,4.299999999999999
150,cf2309,2023-04-24 14:03:00,14910.0,1,5.0,4.299999999999999,2023-04-24 21:00:00,14920.0,-1,4.299999999999999
151,cf2309,2023-04-24 21:04:00,14925.0,1,5.0,4.299999999999999,2023-04-24 21:24:00,15110.0,-1,4.299999999999999
152,cf2309,2023-04-24 21:40:00,15230.0,1,5.0,4.299999999999999,2023-04-24 21:50:00,15235.0,-1,4.299999999999999
153,cf2309,2023-04-24 22:06:00,15285.0,1,5.0,4.299999999999999,2023-04-24 22:34:00,15300.0,-1,4.299999999999999
154,cf2309,2023-04-24 22:54:00,15275.0,-1,5.0,4.299999999999999,2023-04-25 09:00:00,14860.0,1,4.299999999999999
155,cf2309,2023-04-25 09:00:00,15280.0,-1,5.0,4.299999999999999,2023-04-25 09:01:00,15265.0,1,4.299999999999999
156,cf2309,2023-04-24 13:30:00,14865.0,-1,5.0,4.299999999999999,2023-04-25 09:01:00,15260.0,1,4.299999999999999
157,cf2309,2023-04-25 09:01:00,15255.0,-1,5.0,4.299999999999999,2023-04-25 09:15:00,15250.0,1,4.299999999999999
158,cf2309,2023-04-25 09:20:00,15225.0,-1,5.0,4.299999999999999,2023-04-25 10:35:00,15195.0,1,4.299999999999999
159,cf2309,2023-04-25 10:39:00,15220.0,-1,5.0,4.299999999999999,2023-04-25 10:42:00,15200.0,1,4.299999999999999
160,cf2309,2023-04-25 10:35:00,15200.0,-1,5.0,4.299999999999999,2023-04-25 10:42:00,15195.0,1,4.299999999999999
161,cf2309,2023-04-25 10:50:00,15200.0,-1,5.0,4.299999999999999,2023-04-25 11:03:00,15185.0,1,4.299999999999999
162,cf2309,2023-04-25 13:36:00,15165.0,-1,5.0,4.299999999999999,2023-04-25 14:15:00,15235.0,1,4.299999999999999
163,cf2309,2023-04-25 14:57:00,15210.0,-1,5.0,4.299999999999999,2023-04-25 21:00:00,15065.0,1,4.299999999999999
164,cf2309,2023-04-25 21:03:00,15130.0,-1,5.0,4.299999999999999,2023-04-25 21:28:00,15150.0,1,4.299999999999999
165,cf2309,2023-04-25 21:44:00,15120.0,-1,5.0,4.299999999999999,2023-04-25 21:59:00,15090.0,1,4.299999999999999
166,cf2309,2023-04-25 21:43:00,15095.0,-1,5.0,4.299999999999999,2023-04-25 21:59:00,15085.0,1,4.299999999999999
167,cf2309,2023-04-25 22:41:00,15150.0,-1,5.0,4.299999999999999,2023-04-25 22:50:00,15145.0,1,4.299999999999999
168,cf2309,2023-04-25 22:41:00,15150.0,-1,5.0,4.299999999999999,2023-04-25 22:50:00,15145.0,1,4.299999999999999
169,cf2309,2023-04-25 22:41:00,15150.0,-1,5.0,4.299999999999999,2023-04-25 22:51:00,15135.0,1,4.299999999999999
170,cf2309,2023-04-25 22:15:00,15180.0,1,5.0,4.299999999999999,2023-04-26 09:00:00,15210.0,-1,4.299999999999999
171,cf2309,2023-04-25 22:15:00,15190.0,1,5.0,4.299999999999999,2023-04-26 09:00:00,15215.0,-1,4.299999999999999
172,cf2309,2023-04-26 09:02:00,15170.0,1,5.0,4.299999999999999,2023-04-26 09:12:00,15200.0,-1,4.299999999999999
173,cf2309,2023-04-26 09:01:00,15200.0,1,5.0,4.299999999999999,2023-04-26 09:12:00,15205.0,-1,4.299999999999999
174,cf2309,2023-04-26 09:23:00,15215.0,1,5.0,4.299999999999999,2023-04-26 10:08:00,15365.0,-1,4.299999999999999
175,cf2309,2023-04-26 10:38:00,15335.0,-1,5.0,4.299999999999999,2023-04-26 11:11:00,15350.0,1,4.299999999999999
176,cf2309,2023-04-26 10:38:00,15330.0,-1,5.0,4.299999999999999,2023-04-26 13:31:00,15325.0,1,4.299999999999999
177,cf2309,2023-04-26 13:35:00,15340.0,-1,5.0,4.299999999999999,2023-04-26 13:43:00,15330.0,1,4.299999999999999
178,cf2309,2023-04-26 11:09:00,15365.0,1,5.0,4.299999999999999,2023-04-26 14:02:00,15365.0,-1,4.299999999999999
179,cf2309,2023-04-26 14:02:00,15360.0,1,5.0,4.299999999999999,2023-04-26 14:22:00,15295.0,-1,4.299999999999999
180,cf2309,2023-04-26 14:22:00,15295.0,-1,5.0,4.299999999999999,2023-04-26 21:00:00,15280.0,1,4.299999999999999
181,cf2309,2023-04-26 21:02:00,15305.0,-1,5.0,4.299999999999999,2023-04-26 21:08:00,15280.0,1,4.299999999999999
182,cf2309,2023-04-26 21:08:00,15280.0,-1,5.0,4.299999999999999,2023-04-26 21:23:00,15290.0,1,4.299999999999999
183,cf2309,2023-04-26 21:34:00,15265.0,-1,5.0,4.299999999999999,2023-04-26 21:43:00,15255.0,1,4.299999999999999
184,cf2309,2023-04-26 21:48:00,15280.0,-1,5.0,4.299999999999999,2023-04-26 21:54:00,15265.0,1,4.299999999999999
185,cf2309,2023-04-26 21:43:00,15260.0,-1,5.0,4.299999999999999,2023-04-26 21:58:00,15265.0,1,4.299999999999999
186,cf2309,2023-04-26 22:12:00,15240.0,-1,5.0,4.299999999999999,2023-04-26 22:20:00,15235.0,1,4.299999999999999
187,cf2309,2023-04-26 22:01:00,15245.0,-1,5.0,4.299999999999999,2023-04-26 22:23:00,15230.0,1,4.299999999999999
188,cf2309,2023-04-26 22:34:00,15275.0,1,5.0,4.299999999999999,2023-04-26 22:45:00,15295.0,-1,4.299999999999999
189,cf2309,2023-04-27 09:07:00,15265.0,-1,5.0,4.299999999999999,2023-04-27 09:11:00,15245.0,1,4.299999999999999
190,cf2309,2023-04-27 09:47:00,15250.0,-1,5.0,4.299999999999999,2023-04-27 09:51:00,15240.0,1,4.299999999999999
191,cf2309,2023-04-27 09:47:00,15250.0,-1,5.0,4.299999999999999,2023-04-27 09:51:00,15240.0,1,4.299999999999999
192,cf2309,2023-04-27 09:41:00,15240.0,-1,5.0,4.299999999999999,2023-04-27 09:54:00,15230.0,1,4.299999999999999
193,cf2309,2023-04-27 13:36:00,15310.0,1,5.0,4.299999999999999,2023-04-27 13:45:00,15315.0,-1,4.299999999999999
194,cf2309,2023-04-27 14:15:00,15300.0,-1,5.0,4.299999999999999,2023-04-27 14:24:00,15300.0,1,4.299999999999999
195,cf2309,2023-04-27 10:00:00,15230.0,-1,5.0,4.299999999999999,2023-04-27 14:57:00,15225.0,1,4.299999999999999
196,cf2309,2023-04-26 11:08:00,15380.0,1,5.0,4.299999999999999,2023-04-27 21:03:00,15370.0,-1,4.299999999999999
197,cf2309,2023-04-27 21:00:00,15290.0,-1,5.0,4.299999999999999,2023-04-27 21:08:00,15355.0,1,4.299999999999999
198,cf2309,2023-04-27 21:08:00,15345.0,1,5.0,4.299999999999999,2023-04-27 21:28:00,15330.0,-1,4.299999999999999
199,cf2309,2023-04-27 21:08:00,15355.0,1,5.0,4.299999999999999,2023-04-27 21:30:00,15350.0,-1,4.299999999999999
200,cf2309,2023-04-27 22:39:00,15290.0,-1,5.0,4.299999999999999,2023-04-27 22:47:00,15290.0,1,4.299999999999999
201,cf2309,2023-04-27 22:29:00,15300.0,-1,5.0,4.299999999999999,2023-04-28 09:00:00,15280.0,1,4.299999999999999
202,cf2309,2023-04-28 09:00:00,15335.0,1,5.0,4.299999999999999,2023-04-28 09:34:00,15360.0,-1,4.299999999999999
203,cf2309,2023-04-28 10:39:00,15355.0,1,5.0,4.299999999999999,2023-04-28 10:52:00,15385.0,-1,4.299999999999999
204,cf2309,2023-04-28 11:01:00,15400.0,1,5.0,4.299999999999999,2023-04-28 11:16:00,15390.0,-1,4.299999999999999
205,cf2309,2023-04-28 10:52:00,15385.0,1,5.0,4.299999999999999,2023-04-28 11:17:00,15395.0,-1,4.299999999999999
206,cf2309,2023-04-28 13:35:00,15425.0,1,5.0,4.299999999999999,2023-04-28 14:13:00,15410.0,-1,4.299999999999999
207,cf2309,2023-04-28 14:00:00,15380.0,-1,5.0,4.299999999999999,2023-04-28 14:47:00,15455.0,1,4.299999999999999
208,cf2309,2023-04-28 14:21:00,15415.0,1,5.0,4.299999999999999,2023-04-28 14:50:00,15495.0,-1,4.299999999999999
209,cf2309,2023-04-28 14:21:00,15420.0,1,5.0,4.299999999999999,2023-05-04 09:08:00,15505.0,-1,4.299999999999999
210,cf2309,2023-05-04 09:00:00,15440.0,-1,5.0,4.299999999999999,2023-05-04 09:17:00,15585.0,1,4.299999999999999
211,cf2309,2023-05-04 09:00:00,15370.0,-1,5.0,4.299999999999999,2023-05-04 09:19:00,15540.0,1,4.299999999999999
212,cf2309,2023-05-04 09:09:00,15520.0,1,5.0,4.299999999999999,2023-05-04 09:28:00,15550.0,-1,4.299999999999999
213,cf2309,2023-05-04 09:50:00,15625.0,1,5.0,4.299999999999999,2023-05-04 10:05:00,15675.0,-1,4.299999999999999
214,cf2309,2023-05-04 09:46:00,15645.0,1,5.0,4.299999999999999,2023-05-04 10:07:00,15685.0,-1,4.299999999999999
215,cf2309,2023-05-04 10:43:00,15720.0,1,5.0,4.299999999999999,2023-05-04 10:55:00,15730.0,-1,4.299999999999999
216,cf2309,2023-05-04 10:07:00,15690.0,1,5.0,4.299999999999999,2023-05-04 10:56:00,15735.0,-1,4.299999999999999
217,cf2309,2023-05-04 11:19:00,15695.0,-1,5.0,4.299999999999999,2023-05-04 13:39:00,15680.0,1,4.299999999999999
218,cf2309,2023-05-04 14:25:00,15670.0,-1,5.0,4.299999999999999,2023-05-04 14:28:00,15660.0,1,4.299999999999999
219,cf2309,2023-05-04 14:23:00,15670.0,-1,5.0,4.299999999999999,2023-05-04 14:29:00,15655.0,1,4.299999999999999
220,cf2309,2023-05-04 13:52:00,15710.0,1,5.0,4.299999999999999,2023-05-04 14:58:00,15715.0,-1,4.299999999999999
221,cf2309,2023-05-04 14:43:00,15670.0,-1,5.0,4.299999999999999,2023-05-04 21:11:00,15820.0,1,4.299999999999999
222,cf2309,2023-05-04 14:58:00,15710.0,1,5.0,4.299999999999999,2023-05-04 21:21:00,15835.0,-1,4.299999999999999
223,cf2309,2023-05-04 21:43:00,15790.0,-1,5.0,4.299999999999999,2023-05-04 22:12:00,15790.0,1,4.299999999999999
224,cf2309,2023-05-04 22:16:00,15780.0,-1,5.0,4.299999999999999,2023-05-04 22:28:00,15775.0,1,4.299999999999999
225,cf2309,2023-05-04 22:54:00,15800.0,1,5.0,4.299999999999999,2023-05-05 09:00:00,15815.0,-1,4.299999999999999
226,cf2309,2023-05-05 09:01:00,15825.0,1,5.0,4.299999999999999,2023-05-05 09:22:00,15875.0,-1,4.299999999999999
227,cf2309,2023-05-05 09:31:00,15900.0,1,5.0,4.299999999999999,2023-05-05 09:43:00,15855.0,-1,4.299999999999999
228,cf2309,2023-05-05 09:41:00,15825.0,-1,5.0,4.299999999999999,2023-05-05 09:51:00,15820.0,1,4.299999999999999
229,cf2309,2023-05-05 09:56:00,15830.0,-1,5.0,4.299999999999999,2023-05-05 10:04:00,15830.0,1,4.299999999999999
230,cf2309,2023-05-05 09:52:00,15810.0,-1,5.0,4.299999999999999,2023-05-05 10:04:00,15825.0,1,4.299999999999999
231,cf2309,2023-05-05 09:26:00,15895.0,1,5.0,4.299999999999999,2023-05-05 10:12:00,15860.0,-1,4.299999999999999
232,cf2309,2023-05-05 11:11:00,15865.0,1,5.0,4.299999999999999,2023-05-05 13:30:00,15875.0,-1,4.299999999999999
233,cf2309,2023-05-05 13:39:00,15880.0,1,5.0,4.299999999999999,2023-05-05 13:48:00,15890.0,-1,4.299999999999999
234,cf2309,2023-05-05 13:31:00,15885.0,1,5.0,4.299999999999999,2023-05-05 13:48:00,15890.0,-1,4.299999999999999
235,cf2309,2023-05-05 14:22:00,15920.0,1,5.0,4.299999999999999,2023-05-05 14:27:00,15940.0,-1,4.299999999999999
236,cf2309,2023-05-05 14:47:00,15940.0,1,5.0,4.299999999999999,2023-05-05 14:51:00,15965.0,-1,4.299999999999999
237,cf2309,2023-05-05 14:46:00,15945.0,1,5.0,4.299999999999999,2023-05-05 14:51:00,15965.0,-1,4.299999999999999
238,cf2309,2023-05-05 14:46:00,15945.0,1,5.0,4.299999999999999,2023-05-05 14:51:00,15970.0,-1,4.299999999999999
239,cf2309,2023-05-05 21:06:00,15990.0,1,5.0,4.299999999999999,2023-05-05 21:15:00,15940.0,-1,4.299999999999999
240,cf2309,2023-05-05 22:37:00,15925.0,1,5.0,4.299999999999999,2023-05-08 09:00:00,15920.0,-1,4.299999999999999
241,cf2309,2023-05-05 21:15:00,15940.0,-1,5.0,4.299999999999999,2023-05-08 09:06:00,15835.0,1,4.299999999999999
242,cf2309,2023-05-08 09:05:00,15900.0,1,5.0,4.299999999999999,2023-05-08 09:08:00,15870.0,-1,4.299999999999999
243,cf2309,2023-05-08 09:02:00,15940.0,1,5.0,4.299999999999999,2023-05-08 09:11:00,15880.0,-1,4.299999999999999
244,cf2309,2023-05-08 09:08:00,15870.0,-1,5.0,4.299999999999999,2023-05-08 09:16:00,15835.0,1,4.299999999999999
245,cf2309,2023-05-08 09:17:00,15830.0,-1,5.0,4.299999999999999,2023-05-08 09:33:00,15800.0,1,4.299999999999999
246,cf2309,2023-05-08 09:52:00,15790.0,-1,5.0,4.299999999999999,2023-05-08 10:45:00,15830.0,1,4.299999999999999
247,cf2309,2023-05-08 10:59:00,15820.0,-1,5.0,4.299999999999999,2023-05-08 13:35:00,15815.0,1,4.299999999999999
248,cf2309,2023-05-08 09:00:00,15985.0,1,5.0,4.299999999999999,2023-05-08 13:48:00,15890.0,-1,4.299999999999999
249,cf2309,2023-05-08 09:46:00,15780.0,-1,5.0,4.299999999999999,2023-05-08 14:59:00,15660.0,1,4.299999999999999
250,cf2309,2023-05-04 14:37:00,15645.0,-1,5.0,4.299999999999999,2023-05-08 14:59:00,15790.0,1,4.299999999999999
251,cf2309,2023-05-08 21:10:00,15930.0,1,5.0,4.299999999999999,2023-05-08 21:17:00,15940.0,-1,4.299999999999999
252,cf2309,2023-05-08 21:00:00,15905.0,-1,5.0,4.299999999999999,2023-05-08 21:25:00,15915.0,1,4.299999999999999
253,cf2309,2023-05-08 21:00:00,15895.0,-1,5.0,4.299999999999999,2023-05-08 21:25:00,15915.0,1,4.299999999999999
254,cf2309,2023-05-08 21:47:00,15870.0,-1,5.0,4.299999999999999,2023-05-08 22:12:00,15840.0,1,4.299999999999999
255,cf2309,2023-05-08 22:38:00,15810.0,-1,5.0,4.299999999999999,2023-05-08 22:47:00,15805.0,1,4.299999999999999
256,cf2309,2023-05-09 09:03:00,15820.0,-1,5.0,4.299999999999999,2023-05-09 09:15:00,15835.0,1,4.299999999999999
257,cf2309,2023-05-09 09:01:00,15795.0,-1,5.0,4.299999999999999,2023-05-09 09:19:00,15820.0,1,4.299999999999999
258,cf2309,2023-05-09 09:15:00,15835.0,1,5.0,4.299999999999999,2023-05-09 09:30:00,15815.0,-1,4.299999999999999
259,cf2309,2023-05-09 09:14:00,15845.0,1,5.0,4.299999999999999,2023-05-09 09:30:00,15820.0,-1,4.299999999999999
260,cf2309,2023-05-09 09:45:00,15770.0,-1,5.0,4.299999999999999,2023-05-09 09:54:00,15755.0,1,4.299999999999999
261,cf2309,2023-05-09 09:54:00,15755.0,-1,5.0,4.299999999999999,2023-05-09 10:03:00,15750.0,1,4.299999999999999
262,cf2309,2023-05-09 10:11:00,15780.0,-1,5.0,4.299999999999999,2023-05-09 10:33:00,15800.0,1,4.299999999999999
263,cf2309,2023-05-09 10:04:00,15765.0,-1,5.0,4.299999999999999,2023-05-09 10:36:00,15790.0,1,4.299999999999999
264,cf2309,2023-05-09 10:04:00,15755.0,-1,5.0,4.299999999999999,2023-05-09 11:26:00,15785.0,1,4.299999999999999
265,cf2309,2023-05-09 11:26:00,15790.0,-1,5.0,4.299999999999999,2023-05-09 13:51:00,15695.0,1,4.299999999999999
266,cf2309,2023-05-09 13:55:00,15695.0,-1,5.0,4.299999999999999,2023-05-09 14:05:00,15665.0,1,4.299999999999999
267,cf2309,2023-05-09 14:50:00,15575.0,-1,5.0,4.299999999999999,2023-05-09 21:05:00,15595.0,1,4.299999999999999
268,cf2309,2023-05-09 14:42:00,15575.0,-1,5.0,4.299999999999999,2023-05-09 21:06:00,15580.0,1,4.299999999999999
269,cf2309,2023-05-09 21:30:00,15640.0,1,5.0,4.299999999999999,2023-05-09 21:33:00,15655.0,-1,4.299999999999999
270,cf2309,2023-05-09 22:39:00,15675.0,-1,5.0,4.299999999999999,2023-05-10 09:00:00,15665.0,1,4.299999999999999
271,cf2309,2023-05-09 22:38:00,15670.0,-1,5.0,4.299999999999999,2023-05-10 09:00:00,15685.0,1,4.299999999999999
272,cf2309,2023-05-10 09:19:00,15750.0,1,5.0,4.299999999999999,2023-05-10 09:25:00,15775.0,-1,4.299999999999999
273,cf2309,2023-05-10 09:56:00,15770.0,1,5.0,4.299999999999999,2023-05-10 10:00:00,15785.0,-1,4.299999999999999
274,cf2309,2023-05-10 09:53:00,15780.0,1,5.0,4.299999999999999,2023-05-10 10:00:00,15785.0,-1,4.299999999999999
275,cf2309,2023-05-09 10:32:00,15805.0,1,5.0,4.299999999999999,2023-05-10 10:07:00,15815.0,-1,4.299999999999999
276,cf2309,2023-05-10 10:30:00,15800.0,1,5.0,4.299999999999999,2023-05-10 10:42:00,15760.0,-1,4.299999999999999
277,cf2309,2023-05-10 10:10:00,15800.0,1,5.0,4.299999999999999,2023-05-10 10:43:00,15770.0,-1,4.299999999999999
278,cf2309,2023-05-10 10:43:00,15770.0,-1,5.0,4.299999999999999,2023-05-10 11:02:00,15695.0,1,4.299999999999999
279,cf2309,2023-05-10 10:42:00,15755.0,-1,5.0,4.299999999999999,2023-05-10 11:04:00,15685.0,1,4.299999999999999
280,cf2309,2023-05-10 10:07:00,15810.0,1,5.0,4.299999999999999,2023-05-10 13:59:00,15710.0,-1,4.299999999999999
281,cf2309,2023-05-10 13:59:00,15710.0,1,5.0,4.299999999999999,2023-05-10 14:46:00,15690.0,-1,4.299999999999999
282,cf2309,2023-05-10 14:34:00,15650.0,-1,5.0,4.299999999999999,2023-05-10 14:59:00,15660.0,1,4.299999999999999
283,cf2309,2023-05-10 14:24:00,15660.0,-1,5.0,4.299999999999999,2023-05-10 14:59:00,15660.0,1,4.299999999999999
284,cf2309,2023-05-10 21:01:00,15695.0,1,5.0,4.299999999999999,2023-05-10 21:26:00,15660.0,-1,4.299999999999999
285,cf2309,2023-05-10 21:00:00,15720.0,1,5.0,4.299999999999999,2023-05-10 21:26:00,15660.0,-1,4.299999999999999
286,cf2309,2023-05-10 21:27:00,15670.0,-1,5.0,4.299999999999999,2023-05-10 21:31:00,15645.0,1,4.299999999999999
287,cf2309,2023-05-10 21:16:00,15650.0,-1,5.0,4.299999999999999,2023-05-10 21:34:00,15635.0,1,4.299999999999999
288,cf2309,2023-05-10 21:50:00,15640.0,-1,5.0,4.299999999999999,2023-05-10 21:59:00,15635.0,1,4.299999999999999
289,cf2309,2023-05-10 21:36:00,15630.0,-1,5.0,4.299999999999999,2023-05-10 21:59:00,15635.0,1,4.299999999999999
290,cf2309,2023-05-10 22:11:00,15640.0,1,5.0,4.299999999999999,2023-05-10 22:30:00,15600.0,-1,4.299999999999999
291,cf2309,2023-05-10 22:11:00,15640.0,1,5.0,4.299999999999999,2023-05-10 22:51:00,15620.0,-1,4.299999999999999
292,cf2309,2023-05-10 22:18:00,15610.0,-1,5.0,4.299999999999999,2023-05-11 09:00:00,15570.0,1,4.299999999999999
293,cf2309,2023-05-10 22:53:00,15635.0,1,5.0,4.299999999999999,2023-05-11 09:18:00,15650.0,-1,4.299999999999999
294,cf2309,2023-05-11 10:54:00,15650.0,1,5.0,4.299999999999999,2023-05-11 11:05:00,15660.0,-1,4.299999999999999
295,cf2309,2023-05-11 09:31:00,15660.0,1,5.0,4.299999999999999,2023-05-11 11:07:00,15680.0,-1,4.299999999999999
296,cf2309,2023-05-11 11:20:00,15680.0,1,5.0,4.299999999999999,2023-05-11 13:43:00,15665.0,-1,4.299999999999999
297,cf2309,2023-05-11 10:00:00,15640.0,-1,5.0,4.299999999999999,2023-05-11 14:35:00,15610.0,1,4.299999999999999
298,cf2309,2023-05-11 14:36:00,15615.0,-1,5.0,4.299999999999999,2023-05-11 21:00:00,15600.0,1,4.299999999999999
299,cf2309,2023-05-11 21:18:00,15500.0,-1,5.0,4.299999999999999,2023-05-11 21:21:00,15475.0,1,4.299999999999999
300,cf2309,2023-05-11 21:13:00,15490.0,-1,5.0,4.299999999999999,2023-05-11 21:25:00,15470.0,1,4.299999999999999
301,cf2309,2023-05-11 21:00:00,15545.0,-1,5.0,4.299999999999999,2023-05-11 21:25:00,15470.0,1,4.299999999999999
302,cf2309,2023-05-11 22:54:00,15530.0,1,5.0,4.299999999999999,2023-05-12 09:00:00,15455.0,-1,4.299999999999999
303,cf2309,2023-05-12 09:00:00,15455.0,-1,5.0,4.299999999999999,2023-05-12 09:29:00,15455.0,1,4.299999999999999
304,cf2309,2023-05-12 09:50:00,15490.0,1,5.0,4.299999999999999,2023-05-12 10:14:00,15485.0,-1,4.299999999999999
305,cf2309,2023-05-12 10:14:00,15480.0,-1,5.0,4.299999999999999,2023-05-12 10:33:00,15470.0,1,4.299999999999999
306,cf2309,2023-05-12 10:14:00,15480.0,-1,5.0,4.299999999999999,2023-05-12 10:35:00,15465.0,1,4.299999999999999
307,cf2309,2023-05-12 10:14:00,15480.0,-1,5.0,4.299999999999999,2023-05-12 10:37:00,15460.0,1,4.299999999999999
308,cf2309,2023-05-12 10:47:00,15480.0,1,5.0,4.299999999999999,2023-05-12 10:57:00,15480.0,-1,4.299999999999999
309,cf2309,2023-05-12 11:10:00,15470.0,-1,5.0,4.299999999999999,2023-05-12 11:18:00,15475.0,1,4.299999999999999
310,cf2309,2023-05-12 11:09:00,15470.0,-1,5.0,4.299999999999999,2023-05-12 11:18:00,15475.0,1,4.299999999999999
311,cf2309,2023-05-12 11:09:00,15465.0,-1,5.0,4.299999999999999,2023-05-12 11:18:00,15475.0,1,4.299999999999999
312,cf2309,2023-05-12 11:25:00,15455.0,-1,5.0,4.299999999999999,2023-05-12 14:03:00,15445.0,1,4.299999999999999
313,cf2309,2023-05-12 14:07:00,15460.0,-1,5.0,4.299999999999999,2023-05-12 14:20:00,15445.0,1,4.299999999999999
314,cf2309,2023-05-12 14:05:00,15445.0,-1,5.0,4.299999999999999,2023-05-12 14:20:00,15445.0,1,4.299999999999999
315,cf2309,2023-05-12 21:48:00,15550.0,1,5.0,4.299999999999999,2023-05-12 21:57:00,15545.0,-1,4.299999999999999
316,cf2309,2023-05-12 22:09:00,15530.0,-1,5.0,4.299999999999999,2023-05-12 22:18:00,15520.0,1,4.299999999999999
317,cf2309,2023-05-12 22:07:00,15520.0,-1,5.0,4.299999999999999,2023-05-12 22:18:00,15520.0,1,4.299999999999999
318,cf2309,2023-05-11 13:52:00,15685.0,1,5.0,4.299999999999999,2023-05-15 09:00:00,15705.0,-1,4.299999999999999
319,cf2309,2023-05-11 13:50:00,15705.0,1,5.0,4.299999999999999,2023-05-15 09:00:00,15705.0,-1,4.299999999999999
320,cf2309,2023-05-15 09:00:00,15460.0,-1,5.0,4.299999999999999,2023-05-15 09:06:00,15540.0,1,4.299999999999999
321,cf2309,2023-05-15 09:00:00,15450.0,-1,5.0,4.299999999999999,2023-05-15 09:08:00,15520.0,1,4.299999999999999
322,cf2309,2023-05-15 09:09:00,15510.0,1,5.0,4.299999999999999,2023-05-15 09:17:00,15510.0,-1,4.299999999999999
323,cf2309,2023-05-15 09:09:00,15515.0,1,5.0,4.299999999999999,2023-05-15 09:18:00,15515.0,-1,4.299999999999999
324,cf2309,2023-05-15 09:06:00,15540.0,1,5.0,4.299999999999999,2023-05-15 09:19:00,15525.0,-1,4.299999999999999
325,cf2309,2023-05-15 09:23:00,15565.0,1,5.0,4.299999999999999,2023-05-15 10:01:00,15570.0,-1,4.299999999999999
326,cf2309,2023-05-15 10:00:00,15550.0,-1,5.0,4.299999999999999,2023-05-15 10:43:00,15660.0,1,4.299999999999999
327,cf2309,2023-05-15 13:54:00,15770.0,1,5.0,4.299999999999999,2023-05-15 14:12:00,15750.0,-1,4.299999999999999
328,cf2309,2023-05-15 14:55:00,15740.0,1,5.0,4.299999999999999,2023-05-15 21:20:00,15870.0,-1,4.299999999999999
329,cf2309,2023-05-15 14:49:00,15755.0,1,5.0,4.299999999999999,2023-05-15 21:22:00,15880.0,-1,4.299999999999999
330,cf2309,2023-05-15 10:00:00,15545.0,-1,5.0,4.299999999999999,2023-05-16 09:00:00,15540.0,1,4.299999999999999
331,cf2309,2023-05-15 10:00:00,15545.0,-1,5.0,4.299999999999999,2023-05-16 09:00:00,15540.0,1,4.299999999999999
332,cf2309,2023-05-16 09:05:00,15800.0,-1,5.0,4.299999999999999,2023-05-16 09:18:00,15775.0,1,4.299999999999999
333,cf2309,2023-05-16 09:28:00,15790.0,-1,5.0,4.299999999999999,2023-05-16 09:34:00,15775.0,1,4.299999999999999
334,cf2309,2023-05-16 09:19:00,15770.0,-1,5.0,4.299999999999999,2023-05-16 10:01:00,15765.0,1,4.299999999999999
335,cf2309,2023-05-16 09:47:00,15800.0,1,5.0,4.299999999999999,2023-05-16 10:09:00,15795.0,-1,4.299999999999999
336,cf2309,2023-05-16 11:05:00,15795.0,-1,5.0,4.299999999999999,2023-05-16 11:08:00,15790.0,1,4.299999999999999
337,cf2309,2023-05-16 11:15:00,15790.0,-1,5.0,4.299999999999999,2023-05-16 13:30:00,15795.0,1,4.299999999999999
338,cf2309,2023-05-16 11:15:00,15780.0,-1,5.0,4.299999999999999,2023-05-16 13:30:00,15795.0,1,4.299999999999999
339,cf2309,2023-05-16 13:41:00,15725.0,-1,5.0,4.299999999999999,2023-05-16 13:55:00,15710.0,1,4.299999999999999
340,cf2309,2023-05-16 14:43:00,15705.0,1,5.0,4.299999999999999,2023-05-16 14:59:00,15855.0,-1,4.299999999999999
341,cf2309,2023-05-15 22:28:00,15820.0,1,5.0,4.299999999999999,2023-05-16 21:10:00,15745.0,-1,4.299999999999999
342,cf2309,2023-05-16 21:48:00,15750.0,1,5.0,4.299999999999999,2023-05-16 21:56:00,15760.0,-1,4.299999999999999
343,cf2309,2023-05-16 21:38:00,15750.0,1,5.0,4.299999999999999,2023-05-16 21:57:00,15765.0,-1,4.299999999999999
344,cf2309,2023-05-16 22:00:00,15775.0,1,5.0,4.299999999999999,2023-05-16 22:22:00,15780.0,-1,4.299999999999999
345,cf2309,2023-05-16 14:10:00,15690.0,-1,5.0,4.299999999999999,2023-05-17 09:00:00,15670.0,1,4.299999999999999
346,cf2309,2023-05-16 14:02:00,15685.0,-1,5.0,4.299999999999999,2023-05-17 09:00:00,15675.0,1,4.299999999999999
347,cf2309,2023-05-17 09:19:00,15775.0,-1,5.0,4.299999999999999,2023-05-17 09:44:00,15820.0,1,4.299999999999999
348,cf2309,2023-05-17 09:35:00,15840.0,1,5.0,4.299999999999999,2023-05-17 09:55:00,15840.0,-1,4.299999999999999
349,cf2309,2023-05-17 09:30:00,15830.0,1,5.0,4.299999999999999,2023-05-17 09:55:00,15840.0,-1,4.299999999999999
350,cf2309,2023-05-17 10:31:00,15840.0,1,5.0,4.299999999999999,2023-05-17 10:42:00,15835.0,-1,4.299999999999999
351,cf2309,2023-05-17 10:47:00,15815.0,-1,5.0,4.299999999999999,2023-05-17 10:56:00,15820.0,1,4.299999999999999
352,cf2309,2023-05-17 11:14:00,15740.0,-1,5.0,4.299999999999999,2023-05-17 13:30:00,15715.0,1,4.299999999999999
353,cf2309,2023-05-17 14:44:00,15730.0,1,5.0,4.299999999999999,2023-05-17 14:50:00,15715.0,-1,4.299999999999999
354,cf2309,2023-05-17 14:50:00,15715.0,-1,5.0,4.299999999999999,2023-05-17 14:56:00,15710.0,1,4.299999999999999
355,cf2309,2023-05-17 14:44:00,15730.0,1,5.0,4.299999999999999,2023-05-17 14:59:00,15845.0,-1,4.299999999999999
356,cf2309,2023-05-17 10:31:00,15850.0,1,5.0,4.299999999999999,2023-05-17 14:59:00,15730.0,-1,4.299999999999999
357,cf2309,2023-05-17 21:00:00,15780.0,-1,5.0,4.299999999999999,2023-05-17 21:06:00,15770.0,1,4.299999999999999
358,cf2309,2023-05-17 14:57:00,15705.0,-1,5.0,4.299999999999999,2023-05-17 21:26:00,15780.0,1,4.299999999999999
359,cf2309,2023-05-17 21:06:00,15770.0,1,5.0,4.299999999999999,2023-05-18 09:00:00,15815.0,-1,4.299999999999999
360,cf2309,2023-05-18 10:11:00,15790.0,1,5.0,4.299999999999999,2023-05-18 10:30:00,15810.0,-1,4.299999999999999
361,cf2309,2023-05-18 10:30:00,15805.0,1,5.0,4.299999999999999,2023-05-18 10:42:00,15800.0,-1,4.299999999999999
362,cf2309,2023-05-18 09:00:00,15885.0,1,5.0,4.299999999999999,2023-05-18 10:42:00,15800.0,-1,4.299999999999999
363,cf2309,2023-05-18 11:25:00,15800.0,-1,5.0,4.299999999999999,2023-05-18 13:30:00,15795.0,1,4.299999999999999
364,cf2309,2023-05-18 11:21:00,15790.0,-1,5.0,4.299999999999999,2023-05-18 13:33:00,15785.0,1,4.299999999999999
365,cf2309,2023-05-18 21:01:00,15795.0,-1,5.0,4.299999999999999,2023-05-18 21:09:00,15765.0,1,4.299999999999999
366,cf2309,2023-05-18 21:01:00,15790.0,-1,5.0,4.299999999999999,2023-05-18 21:19:00,15755.0,1,4.299999999999999
367,cf2309,2023-05-18 14:25:00,15825.0,1,5.0,4.299999999999999,2023-05-18 21:53:00,15865.0,-1,4.299999999999999
368,cf2309,2023-05-18 22:37:00,15825.0,1,5.0,4.299999999999999,2023-05-18 22:47:00,15825.0,-1,4.299999999999999
369,cf2309,2023-05-18 22:37:00,15825.0,1,5.0,4.299999999999999,2023-05-18 22:47:00,15825.0,-1,4.299999999999999
370,cf2309,2023-05-18 22:37:00,15825.0,1,5.0,4.299999999999999,2023-05-18 22:47:00,15825.0,-1,4.299999999999999
371,cf2309,2023-05-19 09:01:00,15795.0,-1,5.0,4.299999999999999,2023-05-19 09:16:00,15810.0,1,4.299999999999999
372,cf2309,2023-05-19 09:52:00,15785.0,-1,5.0,4.299999999999999,2023-05-19 10:35:00,15810.0,1,4.299999999999999
373,cf2309,2023-05-19 10:13:00,15825.0,1,5.0,4.299999999999999,2023-05-19 10:41:00,15830.0,-1,4.299999999999999
374,cf2309,2023-05-19 11:02:00,15835.0,1,5.0,4.299999999999999,2023-05-19 11:17:00,15845.0,-1,4.299999999999999
375,cf2309,2023-05-19 11:02:00,15845.0,1,5.0,4.299999999999999,2023-05-19 11:17:00,15845.0,-1,4.299999999999999
376,cf2309,2023-05-19 11:26:00,15845.0,1,5.0,4.299999999999999,2023-05-19 13:35:00,15850.0,-1,4.299999999999999
377,cf2309,2023-05-19 11:19:00,15860.0,1,5.0,4.299999999999999,2023-05-19 13:35:00,15860.0,-1,4.299999999999999
378,cf2309,2023-05-19 13:55:00,15885.0,1,5.0,4.299999999999999,2023-05-19 14:02:00,15900.0,-1,4.299999999999999
379,cf2309,2023-05-19 14:19:00,15995.0,1,5.0,4.299999999999999,2023-05-19 14:30:00,16020.0,-1,4.299999999999999
380,cf2309,2023-05-19 14:07:00,15915.0,1,5.0,4.299999999999999,2023-05-19 14:52:00,16025.0,-1,4.299999999999999
381,cf2309,2023-05-19 21:05:00,16020.0,-1,5.0,4.299999999999999,2023-05-19 21:11:00,16110.0,1,4.299999999999999
382,cf2309,2023-05-19 21:03:00,16005.0,-1,5.0,4.299999999999999,2023-05-19 21:18:00,16110.0,1,4.299999999999999
383,cf2309,2023-05-19 21:02:00,15980.0,-1,5.0,4.299999999999999,2023-05-19 21:19:00,16100.0,1,4.299999999999999
384,cf2309,2023-05-19 21:11:00,16100.0,1,5.0,4.299999999999999,2023-05-19 21:30:00,16100.0,-1,4.299999999999999
385,cf2309,2023-05-19 22:03:00,16130.0,1,5.0,4.299999999999999,2023-05-19 22:15:00,16155.0,-1,4.299999999999999
386,cf2309,2023-05-19 21:58:00,16130.0,1,5.0,4.299999999999999,2023-05-19 22:15:00,16160.0,-1,4.299999999999999
387,cf2309,2023-05-19 22:42:00,16190.0,1,5.0,4.299999999999999,2023-05-19 22:44:00,16210.0,-1,4.299999999999999
388,cf2309,2023-05-19 22:30:00,16170.0,1,5.0,4.299999999999999,2023-05-19 22:53:00,16220.0,-1,4.299999999999999
389,cf2309,2023-05-22 09:00:00,16180.0,1,5.0,4.299999999999999,2023-05-22 09:10:00,16270.0,-1,4.299999999999999
390,cf2309,2023-05-22 09:00:00,16180.0,1,5.0,4.299999999999999,2023-05-22 09:10:00,16275.0,-1,4.299999999999999
391,cf2309,2023-05-19 22:57:00,16230.0,1,5.0,4.299999999999999,2023-05-22 09:11:00,16285.0,-1,4.299999999999999
392,cf2309,2023-05-22 09:20:00,16300.0,1,5.0,4.299999999999999,2023-05-22 09:42:00,16260.0,-1,4.299999999999999
393,cf2309,2023-05-22 09:12:00,16275.0,1,5.0,4.299999999999999,2023-05-22 09:43:00,16265.0,-1,4.299999999999999
394,cf2309,2023-05-22 11:10:00,16260.0,1,5.0,4.299999999999999,2023-05-22 11:13:00,16270.0,-1,4.299999999999999
395,cf2309,2023-05-22 11:09:00,16265.0,1,5.0,4.299999999999999,2023-05-22 11:14:00,16275.0,-1,4.299999999999999
396,cf2309,2023-05-22 11:29:00,16165.0,-1,5.0,4.299999999999999,2023-05-22 13:35:00,16090.0,1,4.299999999999999
397,cf2309,2023-05-22 14:20:00,16110.0,-1,5.0,4.299999999999999,2023-05-22 14:29:00,16130.0,1,4.299999999999999
398,cf2309,2023-05-22 14:15:00,16100.0,-1,5.0,4.299999999999999,2023-05-22 14:30:00,16125.0,1,4.299999999999999
399,cf2309,2023-05-22 14:14:00,16085.0,-1,5.0,4.299999999999999,2023-05-22 14:57:00,16115.0,1,4.299999999999999
400,cf2309,2023-05-22 14:42:00,16150.0,1,5.0,4.299999999999999,2023-05-22 21:16:00,16160.0,-1,4.299999999999999
401,cf2309,2023-05-22 21:06:00,16140.0,-1,5.0,4.299999999999999,2023-05-22 21:26:00,16125.0,1,4.299999999999999
402,cf2309,2023-05-22 21:03:00,16120.0,-1,5.0,4.299999999999999,2023-05-22 21:26:00,16120.0,1,4.299999999999999
403,cf2309,2023-05-22 21:02:00,16100.0,-1,5.0,4.299999999999999,2023-05-22 21:26:00,16120.0,1,4.299999999999999
404,cf2309,2023-05-22 21:34:00,16105.0,-1,5.0,4.299999999999999,2023-05-22 21:46:00,16110.0,1,4.299999999999999
405,cf2309,2023-05-22 21:29:00,16080.0,-1,5.0,4.299999999999999,2023-05-22 21:46:00,16105.0,1,4.299999999999999
406,cf2309,2023-05-22 22:21:00,16095.0,-1,5.0,4.299999999999999,2023-05-22 22:44:00,16085.0,1,4.299999999999999
407,cf2309,2023-05-22 22:49:00,16100.0,-1,5.0,4.299999999999999,2023-05-22 22:57:00,16095.0,1,4.299999999999999
408,cf2309,2023-05-22 22:44:00,16085.0,-1,5.0,4.299999999999999,2023-05-22 22:57:00,16095.0,1,4.299999999999999
409,cf2309,2023-05-23 09:04:00,16110.0,-1,5.0,4.299999999999999,2023-05-23 09:08:00,16130.0,1,4.299999999999999
410,cf2309,2023-05-23 09:15:00,16135.0,1,5.0,4.299999999999999,2023-05-23 09:22:00,16155.0,-1,4.299999999999999
411,cf2309,2023-05-23 09:00:00,16095.0,-1,5.0,4.299999999999999,2023-05-23 10:35:00,16120.0,1,4.299999999999999
412,cf2309,2023-05-23 10:35:00,16130.0,-1,5.0,4.299999999999999,2023-05-23 11:00:00,16165.0,1,4.299999999999999
413,cf2309,2023-05-23 09:00:00,16085.0,-1,5.0,4.299999999999999,2023-05-23 11:19:00,16110.0,1,4.299999999999999
414,cf2309,2023-05-23 14:34:00,16145.0,-1,5.0,4.299999999999999,2023-05-23 14:48:00,16135.0,1,4.299999999999999
415,cf2309,2023-05-23 21:05:00,16160.0,-1,5.0,4.299999999999999,2023-05-23 21:14:00,16140.0,1,4.299999999999999
416,cf2309,2023-05-23 21:03:00,16130.0,-1,5.0,4.299999999999999,2023-05-23 22:47:00,16135.0,1,4.299999999999999
417,cf2309,2023-05-23 22:48:00,16140.0,-1,5.0,4.299999999999999,2023-05-23 22:50:00,16135.0,1,4.299999999999999
418,cf2309,2023-05-22 11:09:00,16265.0,1,5.0,4.299999999999999,2023-05-24 09:00:00,16280.0,-1,4.299999999999999
419,cf2309,2023-05-23 22:51:00,16120.0,-1,5.0,4.299999999999999,2023-05-24 09:00:00,16120.0,1,4.299999999999999
420,cf2309,2023-05-24 09:08:00,16095.0,-1,5.0,4.299999999999999,2023-05-24 09:21:00,16095.0,1,4.299999999999999
421,cf2309,2023-05-24 10:08:00,16095.0,-1,5.0,4.299999999999999,2023-05-24 10:32:00,16085.0,1,4.299999999999999
422,cf2309,2023-05-24 10:39:00,16100.0,-1,5.0,4.299999999999999,2023-05-24 10:47:00,16075.0,1,4.299999999999999
423,cf2309,2023-05-24 10:33:00,16085.0,-1,5.0,4.299999999999999,2023-05-24 10:47:00,16075.0,1,4.299999999999999
424,cf2309,2023-05-24 10:52:00,16065.0,-1,5.0,4.299999999999999,2023-05-24 10:59:00,16035.0,1,4.299999999999999
425,cf2309,2023-05-24 10:51:00,16045.0,-1,5.0,4.299999999999999,2023-05-24 10:59:00,16025.0,1,4.299999999999999
426,cf2309,2023-05-24 11:09:00,15970.0,-1,5.0,4.299999999999999,2023-05-24 11:15:00,15945.0,1,4.299999999999999
427,cf2309,2023-05-24 11:21:00,15930.0,-1,5.0,4.299999999999999,2023-05-24 13:44:00,15940.0,1,4.299999999999999
428,cf2309,2023-05-24 13:43:00,15955.0,1,5.0,4.299999999999999,2023-05-24 14:00:00,15915.0,-1,4.299999999999999
429,cf2309,2023-05-24 13:43:00,15955.0,1,5.0,4.299999999999999,2023-05-24 14:01:00,15920.0,-1,4.299999999999999
430,cf2309,2023-05-24 14:00:00,15915.0,-1,5.0,4.299999999999999,2023-05-24 14:10:00,15910.0,1,4.299999999999999
431,cf2309,2023-05-24 13:59:00,15900.0,-1,5.0,4.299999999999999,2023-05-24 14:10:00,15910.0,1,4.299999999999999
432,cf2309,2023-05-24 14:21:00,15870.0,-1,5.0,4.299999999999999,2023-05-24 14:28:00,15840.0,1,4.299999999999999
433,cf2309,2023-05-24 14:15:00,15890.0,-1,5.0,4.299999999999999,2023-05-24 14:28:00,15830.0,1,4.299999999999999
434,cf2309,2023-05-24 14:31:00,15825.0,-1,5.0,4.299999999999999,2023-05-24 14:40:00,15795.0,1,4.299999999999999
435,cf2309,2023-05-24 14:45:00,15770.0,-1,5.0,4.299999999999999,2023-05-24 14:55:00,15745.0,1,4.299999999999999
436,cf2309,2023-05-24 21:08:00,15710.0,-1,5.0,4.299999999999999,2023-05-24 21:19:00,15730.0,1,4.299999999999999
437,cf2309,2023-05-24 21:07:00,15690.0,-1,5.0,4.299999999999999,2023-05-24 21:21:00,15725.0,1,4.299999999999999
438,cf2309,2023-05-24 22:49:00,15660.0,-1,5.0,4.299999999999999,2023-05-25 09:00:00,15645.0,1,4.299999999999999
439,cf2309,2023-05-25 09:00:00,15665.0,-1,5.0,4.299999999999999,2023-05-25 09:18:00,15635.0,1,4.299999999999999
440,cf2309,2023-05-25 09:00:00,15660.0,-1,5.0,4.299999999999999,2023-05-25 09:23:00,15630.0,1,4.299999999999999
441,cf2309,2023-05-25 09:54:00,15650.0,1,5.0,4.299999999999999,2023-05-25 10:02:00,15650.0,-1,4.299999999999999
442,cf2309,2023-05-25 09:32:00,15630.0,-1,5.0,4.299999999999999,2023-05-25 10:06:00,15630.0,1,4.299999999999999
443,cf2309,2023-05-25 10:13:00,15640.0,-1,5.0,4.299999999999999,2023-05-25 10:30:00,15630.0,1,4.299999999999999
444,cf2309,2023-05-25 10:13:00,15640.0,-1,5.0,4.299999999999999,2023-05-25 10:30:00,15625.0,1,4.299999999999999
445,cf2309,2023-05-25 09:24:00,15610.0,-1,5.0,4.299999999999999,2023-05-25 10:30:00,15625.0,1,4.299999999999999
446,cf2309,2023-05-25 09:54:00,15650.0,1,5.0,4.299999999999999,2023-05-25 10:37:00,15655.0,-1,4.299999999999999
447,cf2309,2023-05-25 09:54:00,15650.0,1,5.0,4.299999999999999,2023-05-25 10:37:00,15655.0,-1,4.299999999999999
448,cf2309,2023-05-25 10:37:00,15640.0,-1,5.0,4.299999999999999,2023-05-25 10:42:00,15640.0,1,4.299999999999999
449,cf2309,2023-05-25 10:30:00,15625.0,-1,5.0,4.299999999999999,2023-05-25 10:45:00,15625.0,1,4.299999999999999
450,cf2309,2023-05-25 10:46:00,15640.0,1,5.0,4.299999999999999,2023-05-25 10:49:00,15645.0,-1,4.299999999999999
451,cf2309,2023-05-25 10:46:00,15640.0,1,5.0,4.299999999999999,2023-05-25 10:53:00,15655.0,-1,4.299999999999999
452,cf2309,2023-05-25 14:56:00,15535.0,1,5.0,4.299999999999999,2023-05-25 21:28:00,15465.0,-1,4.299999999999999
453,cf2309,2023-05-25 14:53:00,15550.0,1,5.0,4.299999999999999,2023-05-25 21:29:00,15470.0,-1,4.299999999999999
454,cf2309,2023-05-25 21:30:00,15460.0,-1,5.0,4.299999999999999,2023-05-25 22:01:00,15360.0,1,4.299999999999999
455,cf2309,2023-05-25 21:14:00,15485.0,-1,5.0,4.299999999999999,2023-05-25 22:01:00,15350.0,1,4.299999999999999
456,cf2309,2023-05-25 22:15:00,15420.0,1,5.0,4.299999999999999,2023-05-25 22:24:00,15450.0,-1,4.299999999999999
457,cf2309,2023-05-25 22:48:00,15460.0,1,5.0,4.299999999999999,2023-05-25 22:59:00,15465.0,-1,4.299999999999999
458,cf2309,2023-05-26 09:01:00,15425.0,-1,5.0,4.299999999999999,2023-05-26 09:18:00,15360.0,1,4.299999999999999
459,cf2309,2023-05-26 09:00:00,15370.0,-1,5.0,4.299999999999999,2023-05-26 09:18:00,15350.0,1,4.299999999999999
460,cf2309,2023-05-26 10:34:00,15360.0,-1,5.0,4.299999999999999,2023-05-26 10:46:00,15335.0,1,4.299999999999999
461,cf2309,2023-05-26 10:32:00,15350.0,-1,5.0,4.299999999999999,2023-05-26 10:47:00,15330.0,1,4.299999999999999
462,cf2309,2023-05-26 11:14:00,15410.0,1,5.0,4.299999999999999,2023-05-26 11:24:00,15425.0,-1,4.299999999999999
463,cf2309,2023-05-26 11:28:00,15445.0,1,5.0,4.299999999999999,2023-05-26 13:39:00,15545.0,-1,4.299999999999999
464,cf2309,2023-05-26 13:43:00,15530.0,1,5.0,4.299999999999999,2023-05-26 13:53:00,15525.0,-1,4.299999999999999
465,cf2309,2023-05-26 14:33:00,15520.0,1,5.0,4.299999999999999,2023-05-26 14:42:00,15530.0,-1,4.299999999999999
466,cf2309,2023-05-26 14:31:00,15545.0,1,5.0,4.299999999999999,2023-05-26 14:42:00,15535.0,-1,4.299999999999999
467,cf2309,2023-05-26 14:56:00,15500.0,-1,5.0,4.299999999999999,2023-05-26 21:18:00,15450.0,1,4.299999999999999
468,cf2309,2023-05-26 21:39:00,15485.0,1,5.0,4.299999999999999,2023-05-26 21:57:00,15565.0,-1,4.299999999999999
469,cf2309,2023-05-26 22:00:00,15560.0,1,5.0,4.299999999999999,2023-05-26 22:07:00,15570.0,-1,4.299999999999999
470,cf2309,2023-05-26 21:58:00,15590.0,1,5.0,4.299999999999999,2023-05-26 22:07:00,15580.0,-1,4.299999999999999
471,cf2309,2023-05-29 09:00:00,15655.0,-1,5.0,4.299999999999999,2023-05-29 09:07:00,15675.0,1,4.299999999999999
472,cf2309,2023-05-29 10:04:00,15640.0,-1,5.0,4.299999999999999,2023-05-29 10:12:00,15670.0,1,4.299999999999999
473,cf2309,2023-05-29 09:08:00,15690.0,1,5.0,4.299999999999999,2023-05-29 11:03:00,15695.0,-1,4.299999999999999
474,cf2309,2023-05-29 09:07:00,15675.0,1,5.0,4.299999999999999,2023-05-29 11:05:00,15700.0,-1,4.299999999999999
475,cf2309,2023-05-29 14:17:00,15650.0,1,5.0,4.299999999999999,2023-05-29 14:20:00,15655.0,-1,4.299999999999999
476,cf2309,2023-05-29 14:14:00,15660.0,1,5.0,4.299999999999999,2023-05-29 14:48:00,15665.0,-1,4.299999999999999
477,cf2309,2023-05-26 10:47:00,15340.0,-1,5.0,4.299999999999999,2023-05-29 14:59:00,15350.0,1,4.299999999999999
478,cf2309,2023-05-26 10:47:00,15330.0,-1,5.0,4.299999999999999,2023-05-29 14:59:00,15375.0,1,4.299999999999999
479,cf2309,2023-05-29 21:00:00,15645.0,-1,5.0,4.299999999999999,2023-05-29 21:16:00,15600.0,1,4.299999999999999
480,cf2309,2023-05-29 14:59:00,15640.0,-1,5.0,4.299999999999999,2023-05-29 21:16:00,15600.0,1,4.299999999999999
481,cf2309,2023-05-29 21:17:00,15585.0,-1,5.0,4.299999999999999,2023-05-29 21:40:00,15535.0,1,4.299999999999999
482,cf2309,2023-05-29 22:03:00,15560.0,1,5.0,4.299999999999999,2023-05-29 22:14:00,15570.0,-1,4.299999999999999
483,cf2309,2023-05-29 22:03:00,15560.0,1,5.0,4.299999999999999,2023-05-29 22:14:00,15570.0,-1,4.299999999999999
484,cf2309,2023-05-29 22:26:00,15560.0,-1,5.0,4.299999999999999,2023-05-29 22:32:00,15550.0,1,4.299999999999999
485,cf2309,2023-05-29 22:24:00,15545.0,-1,5.0,4.299999999999999,2023-05-29 22:34:00,15540.0,1,4.299999999999999
486,cf2309,2023-05-29 22:34:00,15540.0,-1,5.0,4.299999999999999,2023-05-29 22:43:00,15535.0,1,4.299999999999999
487,cf2309,2023-05-29 22:44:00,15535.0,-1,5.0,4.299999999999999,2023-05-30 09:00:00,15530.0,1,4.299999999999999
488,cf2309,2023-05-30 09:08:00,15555.0,1,5.0,4.299999999999999,2023-05-30 09:20:00,15570.0,-1,4.299999999999999
489,cf2309,2023-05-30 09:07:00,15570.0,1,5.0,4.299999999999999,2023-05-30 09:20:00,15575.0,-1,4.299999999999999
490,cf2309,2023-05-30 10:13:00,15610.0,1,5.0,4.299999999999999,2023-05-30 10:35:00,15610.0,-1,4.299999999999999
491,cf2309,2023-05-30 11:21:00,15540.0,-1,5.0,4.299999999999999,2023-05-30 11:23:00,15535.0,1,4.299999999999999
492,cf2309,2023-05-30 11:05:00,15555.0,-1,5.0,4.299999999999999,2023-05-30 11:23:00,15530.0,1,4.299999999999999
493,cf2309,2023-05-30 11:04:00,15545.0,-1,5.0,4.299999999999999,2023-05-30 11:25:00,15520.0,1,4.299999999999999
494,cf2309,2023-05-30 14:39:00,15500.0,1,5.0,4.299999999999999,2023-05-30 14:48:00,15485.0,-1,4.299999999999999
495,cf2309,2023-05-30 21:46:00,15550.0,-1,5.0,4.299999999999999,2023-05-30 22:03:00,15485.0,1,4.299999999999999
496,cf2309,2023-05-30 21:46:00,15540.0,-1,5.0,4.299999999999999,2023-05-30 22:03:00,15475.0,1,4.299999999999999
497,cf2309,2023-05-30 09:21:00,15585.0,1,5.0,4.299999999999999,2023-05-31 09:00:00,15630.0,-1,4.299999999999999
498,cf2309,2023-05-30 22:08:00,15500.0,-1,5.0,4.299999999999999,2023-05-31 09:00:00,15510.0,1,4.299999999999999
499,cf2309,2023-05-30 22:07:00,15485.0,-1,5.0,4.299999999999999,2023-05-31 09:00:00,15505.0,1,4.299999999999999
500,cf2309,2023-05-30 22:05:00,15465.0,-1,5.0,4.299999999999999,2023-05-31 09:00:00,15500.0,1,4.299999999999999
501,cf2309,2023-05-31 09:14:00,15515.0,-1,5.0,4.299999999999999,2023-05-31 09:33:00,15505.0,1,4.299999999999999
502,cf2309,2023-05-31 10:34:00,15525.0,-1,5.0,4.299999999999999,2023-05-31 10:36:00,15500.0,1,4.299999999999999
503,cf2309,2023-05-31 09:01:00,15510.0,-1,5.0,4.299999999999999,2023-05-31 10:50:00,15500.0,1,4.299999999999999
504,cf2309,2023-05-31 11:04:00,15510.0,-1,5.0,4.299999999999999,2023-05-31 11:11:00,15530.0,1,4.299999999999999
505,cf2309,2023-05-31 11:02:00,15500.0,-1,5.0,4.299999999999999,2023-05-31 11:15:00,15515.0,1,4.299999999999999
506,cf2309,2023-05-31 11:00:00,15490.0,-1,5.0,4.299999999999999,2023-05-31 11:16:00,15510.0,1,4.299999999999999
507,cf2309,2023-05-31 11:16:00,15510.0,1,5.0,4.299999999999999,2023-05-31 11:21:00,15520.0,-1,4.299999999999999
508,cf2309,2023-05-31 13:43:00,15500.0,-1,5.0,4.299999999999999,2023-05-31 14:06:00,15505.0,1,4.299999999999999
509,cf2309,2023-05-31 13:36:00,15475.0,-1,5.0,4.299999999999999,2023-05-31 14:11:00,15495.0,1,4.299999999999999
510,cf2309,2023-05-31 14:48:00,15510.0,1,5.0,4.299999999999999,2023-05-31 14:53:00,15520.0,-1,4.299999999999999
511,cf2309,2023-05-31 09:46:00,15540.0,1,5.0,4.299999999999999,2023-05-31 21:21:00,15545.0,-1,4.299999999999999
512,cf2309,2023-05-31 21:06:00,15480.0,-1,5.0,4.299999999999999,2023-05-31 21:46:00,15600.0,1,4.299999999999999
513,cf2309,2023-06-01 09:53:00,15630.0,1,5.0,4.299999999999999,2023-06-01 10:10:00,15645.0,-1,4.299999999999999
514,cf2309,2023-06-01 14:23:00,16310.0,1,5.0,4.299999999999999,2023-06-01 14:30:00,16390.0,-1,4.299999999999999
515,cf2309,2023-06-01 14:12:00,16210.0,1,5.0,4.299999999999999,2023-06-01 14:37:00,16395.0,-1,4.299999999999999
516,cf2309,2023-06-01 14:49:00,16355.0,1,5.0,4.299999999999999,2023-06-01 14:55:00,16420.0,-1,4.299999999999999
517,cf2309,2023-06-01 14:49:00,16355.0,1,5.0,4.299999999999999,2023-06-01 14:55:00,16425.0,-1,4.299999999999999
518,cf2309,2023-06-01 14:40:00,16430.0,1,5.0,4.299999999999999,2023-06-01 14:55:00,16440.0,-1,4.299999999999999
519,cf2309,2023-06-01 21:34:00,16430.0,1,5.0,4.299999999999999,2023-06-01 21:45:00,16440.0,-1,4.299999999999999
520,cf2309,2023-06-01 21:34:00,16470.0,1,5.0,4.299999999999999,2023-06-01 21:46:00,16445.0,-1,4.299999999999999
521,cf2309,2023-06-01 21:31:00,16460.0,1,5.0,4.299999999999999,2023-06-01 21:52:00,16455.0,-1,4.299999999999999
522,cf2309,2023-06-01 22:25:00,16480.0,1,5.0,4.299999999999999,2023-06-01 22:32:00,16430.0,-1,4.299999999999999
523,cf2309,2023-06-01 22:16:00,16470.0,1,5.0,4.299999999999999,2023-06-01 22:33:00,16450.0,-1,4.299999999999999
524,cf2309,2023-06-02 11:01:00,16390.0,1,5.0,4.299999999999999,2023-06-02 11:10:00,16390.0,-1,4.299999999999999
525,cf2309,2023-06-02 11:00:00,16405.0,1,5.0,4.299999999999999,2023-06-02 11:10:00,16395.0,-1,4.299999999999999
526,cf2309,2023-06-02 13:30:00,16430.0,1,5.0,4.299999999999999,2023-06-02 13:33:00,16475.0,-1,4.299999999999999
527,cf2309,2023-06-02 13:33:00,16470.0,1,5.0,4.299999999999999,2023-06-02 13:42:00,16465.0,-1,4.299999999999999
528,cf2309,2023-06-02 13:30:00,16440.0,1,5.0,4.299999999999999,2023-06-02 13:43:00,16470.0,-1,4.299999999999999
529,cf2309,2023-06-01 22:14:00,16485.0,1,5.0,4.299999999999999,2023-06-02 13:43:00,16470.0,-1,4.299999999999999
530,cf2309,2023-06-02 13:45:00,16440.0,1,5.0,4.299999999999999,2023-06-02 13:52:00,16325.0,-1,4.299999999999999
531,cf2309,2023-06-02 13:45:00,16450.0,1,5.0,4.299999999999999,2023-06-02 13:52:00,16325.0,-1,4.299999999999999
532,cf2309,2023-06-02 13:43:00,16480.0,1,5.0,4.299999999999999,2023-06-02 13:54:00,16360.0,-1,4.299999999999999
533,cf2309,2023-06-02 14:42:00,16305.0,1,5.0,4.299999999999999,2023-06-02 21:01:00,16350.0,-1,4.299999999999999
534,cf2309,2023-06-02 21:12:00,16400.0,1,5.0,4.299999999999999,2023-06-02 21:35:00,16635.0,-1,4.299999999999999
535,cf2309,2023-06-02 21:39:00,16710.0,1,5.0,4.299999999999999,2023-06-02 21:59:00,16820.0,-1,4.299999999999999
536,cf2309,2023-06-02 22:30:00,16825.0,1,5.0,4.299999999999999,2023-06-02 22:40:00,16815.0,-1,4.299999999999999
537,cf2309,2023-06-02 22:30:00,16845.0,1,5.0,4.299999999999999,2023-06-02 22:40:00,16820.0,-1,4.299999999999999
538,cf2309,2023-06-02 22:23:00,16855.0,1,5.0,4.299999999999999,2023-06-02 22:40:00,16830.0,-1,4.299999999999999
539,cf2309,2023-06-05 10:37:00,16720.0,1,5.0,4.299999999999999,2023-06-05 11:07:00,16735.0,-1,4.299999999999999
540,cf2309,2023-06-05 10:37:00,16725.0,1,5.0,4.299999999999999,2023-06-05 11:12:00,16740.0,-1,4.299999999999999
541,cf2309,2023-06-05 10:37:00,16725.0,1,5.0,4.299999999999999,2023-06-05 11:12:00,16740.0,-1,4.299999999999999
542,cf2309,2023-06-05 14:28:00,16855.0,1,5.0,4.299999999999999,2023-06-05 14:29:00,16700.0,-1,4.299999999999999
543,cf2309,2023-06-05 14:28:00,16855.0,1,5.0,4.299999999999999,2023-06-05 14:30:00,16820.0,-1,4.299999999999999
544,cf2309,2023-06-05 22:11:00,16830.0,1,5.0,4.299999999999999,2023-06-05 22:23:00,16825.0,-1,4.299999999999999
545,cf2309,2023-06-05 22:11:00,16840.0,1,5.0,4.299999999999999,2023-06-05 22:23:00,16835.0,-1,4.299999999999999
546,cf2309,2023-06-06 09:16:00,16825.0,1,5.0,4.299999999999999,2023-06-06 09:32:00,16835.0,-1,4.299999999999999
547,cf2309,2023-06-06 10:02:00,16825.0,1,5.0,4.299999999999999,2023-06-06 10:05:00,16840.0,-1,4.299999999999999
548,cf2309,2023-06-06 09:13:00,16845.0,1,5.0,4.299999999999999,2023-06-06 10:40:00,16890.0,-1,4.299999999999999
549,cf2309,2023-06-06 21:08:00,16910.0,1,5.0,4.299999999999999,2023-06-06 21:38:00,16805.0,-1,4.299999999999999
550,cf2309,2023-06-06 22:39:00,16840.0,1,5.0,4.299999999999999,2023-06-07 09:00:00,16830.0,-1,4.299999999999999
551,cf2309,2023-06-06 22:26:00,16825.0,1,5.0,4.299999999999999,2023-06-07 09:00:00,16850.0,-1,4.299999999999999
552,cf2309,2023-06-06 22:23:00,16840.0,1,5.0,4.299999999999999,2023-06-07 09:00:00,16850.0,-1,4.299999999999999
553,cf2309,2023-06-07 09:48:00,16770.0,1,5.0,4.299999999999999,2023-06-07 09:55:00,16795.0,-1,4.299999999999999
554,cf2309,2023-06-07 09:47:00,16785.0,1,5.0,4.299999999999999,2023-06-07 09:56:00,16800.0,-1,4.299999999999999
555,cf2309,2023-06-07 09:45:00,16805.0,1,5.0,4.299999999999999,2023-06-07 09:56:00,16800.0,-1,4.299999999999999
556,cf2309,2023-06-07 10:01:00,16790.0,1,5.0,4.299999999999999,2023-06-07 10:09:00,16745.0,-1,4.299999999999999
557,cf2309,2023-06-07 09:58:00,16815.0,1,5.0,4.299999999999999,2023-06-07 11:03:00,16650.0,-1,4.299999999999999
558,cf2309,2023-06-07 11:23:00,16680.0,1,5.0,4.299999999999999,2023-06-07 13:46:00,16660.0,-1,4.299999999999999
559,cf2309,2023-06-07 11:18:00,16720.0,1,5.0,4.299999999999999,2023-06-07 14:18:00,16695.0,-1,4.299999999999999
560,cf2309,2023-06-07 14:19:00,16685.0,1,5.0,4.299999999999999,2023-06-07 21:01:00,16825.0,-1,4.299999999999999
561,cf2309,2023-06-07 21:20:00,16855.0,1,5.0,4.299999999999999,2023-06-07 21:27:00,16875.0,-1,4.299999999999999
562,cf2309,2023-06-07 21:01:00,16825.0,1,5.0,4.299999999999999,2023-06-07 21:28:00,16880.0,-1,4.299999999999999
563,cf2309,2023-06-08 11:24:00,16820.0,1,5.0,4.299999999999999,2023-06-08 13:32:00,16830.0,-1,4.299999999999999
564,cf2309,2023-06-08 11:07:00,16840.0,1,5.0,4.299999999999999,2023-06-08 13:33:00,16835.0,-1,4.299999999999999
565,cf2309,2023-06-08 14:31:00,16820.0,1,5.0,4.299999999999999,2023-06-08 14:38:00,16825.0,-1,4.299999999999999
566,cf2309,2023-06-08 14:23:00,16820.0,1,5.0,4.299999999999999,2023-06-08 14:39:00,16835.0,-1,4.299999999999999
567,cf2309,2023-06-08 14:49:00,16840.0,1,5.0,4.299999999999999,2023-06-08 14:57:00,16845.0,-1,4.299999999999999
568,cf2309,2023-06-08 21:10:00,16910.0,1,5.0,4.299999999999999,2023-06-08 21:17:00,16930.0,-1,4.299999999999999
569,cf2309,2023-06-08 14:57:00,16845.0,1,5.0,4.299999999999999,2023-06-08 21:24:00,16935.0,-1,4.299999999999999
570,cf2309,2023-06-09 09:09:00,16810.0,1,5.0,4.299999999999999,2023-06-09 09:11:00,16790.0,-1,4.299999999999999
571,cf2309,2023-06-09 09:02:00,16845.0,1,5.0,4.299999999999999,2023-06-09 09:24:00,16805.0,-1,4.299999999999999
572,cf2309,2023-06-09 10:43:00,16780.0,1,5.0,4.299999999999999,2023-06-09 10:55:00,16790.0,-1,4.299999999999999
573,cf2309,2023-06-09 13:45:00,16825.0,1,5.0,4.299999999999999,2023-06-09 14:15:00,16860.0,-1,4.299999999999999
574,cf2309,2023-06-09 14:19:00,16850.0,1,5.0,4.299999999999999,2023-06-09 14:47:00,16785.0,-1,4.299999999999999
575,cf2309,2023-06-09 22:03:00,16725.0,1,5.0,4.299999999999999,2023-06-09 22:23:00,16695.0,-1,4.299999999999999
576,cf2309,2023-06-09 22:50:00,16695.0,1,5.0,4.299999999999999,2023-06-12 09:01:00,16690.0,-1,4.299999999999999
577,cf2309,2023-06-12 13:35:00,16670.0,1,5.0,4.299999999999999,2023-06-12 14:47:00,16680.0,-1,4.299999999999999
578,cf2309,2023-06-12 14:47:00,16675.0,1,5.0,4.299999999999999,2023-06-12 14:59:00,16865.0,-1,4.299999999999999
579,cf2309,2023-06-12 21:00:00,16730.0,1,5.0,4.299999999999999,2023-06-12 21:17:00,16810.0,-1,4.299999999999999
580,cf2309,2023-06-09 14:16:00,16865.0,1,5.0,4.299999999999999,2023-06-12 21:18:00,16820.0,-1,4.299999999999999
581,cf2309,2023-06-12 22:28:00,16690.0,1,5.0,4.299999999999999,2023-06-12 22:47:00,16660.0,-1,4.299999999999999
582,cf2309,2023-06-12 22:26:00,16695.0,1,5.0,4.299999999999999,2023-06-13 09:15:00,16700.0,-1,4.299999999999999
583,cf2309,2023-06-12 22:23:00,16710.0,1,5.0,4.299999999999999,2023-06-13 09:15:00,16700.0,-1,4.299999999999999
584,cf2309,2023-06-13 09:31:00,16715.0,1,5.0,4.299999999999999,2023-06-13 09:36:00,16720.0,-1,4.299999999999999
585,cf2309,2023-06-13 09:25:00,16730.0,1,5.0,4.299999999999999,2023-06-13 09:44:00,16725.0,-1,4.299999999999999
586,cf2309,2023-06-13 09:56:00,16740.0,1,5.0,4.299999999999999,2023-06-13 10:01:00,16760.0,-1,4.299999999999999
587,cf2309,2023-06-13 09:53:00,16740.0,1,5.0,4.299999999999999,2023-06-13 10:01:00,16760.0,-1,4.299999999999999
588,cf2309,2023-06-13 09:50:00,16760.0,1,5.0,4.299999999999999,2023-06-13 10:01:00,16765.0,-1,4.299999999999999
589,cf2309,2023-06-13 13:41:00,16750.0,1,5.0,4.299999999999999,2023-06-13 14:18:00,16850.0,-1,4.299999999999999
590,cf2309,2023-06-13 14:44:00,16860.0,1,5.0,4.299999999999999,2023-06-13 21:00:00,16880.0,-1,4.299999999999999
591,cf2309,2023-06-13 14:36:00,16885.0,1,5.0,4.299999999999999,2023-06-13 21:00:00,16880.0,-1,4.299999999999999
592,cf2309,2023-06-13 21:03:00,16850.0,1,5.0,4.299999999999999,2023-06-13 21:11:00,16850.0,-1,4.299999999999999
593,cf2309,2023-06-13 22:37:00,16790.0,1,5.0,4.299999999999999,2023-06-13 22:42:00,16810.0,-1,4.299999999999999
594,cf2309,2023-06-13 21:03:00,16880.0,1,5.0,4.299999999999999,2023-06-14 09:00:00,16855.0,-1,4.299999999999999
595,cf2309,2023-06-14 10:10:00,16770.0,1,5.0,4.299999999999999,2023-06-14 10:32:00,16780.0,-1,4.299999999999999
596,cf2309,2023-06-14 10:04:00,16780.0,1,5.0,4.299999999999999,2023-06-14 10:33:00,16785.0,-1,4.299999999999999
597,cf2309,2023-06-14 11:10:00,16840.0,1,5.0,4.299999999999999,2023-06-14 14:30:00,16850.0,-1,4.299999999999999
598,cf2309,2023-06-14 11:01:00,16840.0,1,5.0,4.299999999999999,2023-06-14 14:30:00,16850.0,-1,4.299999999999999
599,cf2309,2023-06-14 14:31:00,16845.0,1,5.0,4.299999999999999,2023-06-14 14:46:00,16840.0,-1,4.299999999999999
600,cf2309,2023-06-14 11:01:00,16855.0,1,5.0,4.299999999999999,2023-06-14 21:32:00,16860.0,-1,4.299999999999999
601,cf2309,2023-06-14 21:34:00,16820.0,1,5.0,4.299999999999999,2023-06-14 21:42:00,16890.0,-1,4.299999999999999
602,cf2309,2023-06-14 21:33:00,16840.0,1,5.0,4.299999999999999,2023-06-14 21:42:00,16895.0,-1,4.299999999999999
603,cf2309,2023-06-14 22:08:00,16930.0,1,5.0,4.299999999999999,2023-06-14 22:57:00,16900.0,-1,4.299999999999999
604,cf2309,2023-06-15 09:02:00,16890.0,1,5.0,4.299999999999999,2023-06-15 09:17:00,16860.0,-1,4.299999999999999
605,cf2309,2023-06-15 09:02:00,16890.0,1,5.0,4.299999999999999,2023-06-15 09:20:00,16875.0,-1,4.299999999999999
606,cf2309,2023-06-15 09:48:00,16895.0,1,5.0,4.299999999999999,2023-06-15 09:59:00,16915.0,-1,4.299999999999999
607,cf2309,2023-06-15 10:02:00,16935.0,1,5.0,4.299999999999999,2023-06-15 10:42:00,16895.0,-1,4.299999999999999
608,cf2309,2023-06-15 14:37:00,16840.0,1,5.0,4.299999999999999,2023-06-15 14:43:00,16790.0,-1,4.299999999999999
609,cf2309,2023-06-15 14:33:00,16865.0,1,5.0,4.299999999999999,2023-06-15 14:50:00,16810.0,-1,4.299999999999999
610,cf2309,2023-06-15 22:01:00,16815.0,1,5.0,4.299999999999999,2023-06-15 22:15:00,16825.0,-1,4.299999999999999
611,cf2309,2023-06-15 22:15:00,16825.0,1,5.0,4.299999999999999,2023-06-16 09:00:00,16835.0,-1,4.299999999999999
612,cf2309,2023-06-16 09:10:00,16820.0,1,5.0,4.299999999999999,2023-06-16 09:17:00,16830.0,-1,4.299999999999999
613,cf2309,2023-06-16 09:22:00,16865.0,1,5.0,4.299999999999999,2023-06-16 09:36:00,16870.0,-1,4.299999999999999
614,cf2309,2023-06-16 09:36:00,16875.0,1,5.0,4.299999999999999,2023-06-16 09:47:00,16880.0,-1,4.299999999999999
615,cf2309,2023-06-16 09:48:00,16875.0,1,5.0,4.299999999999999,2023-06-16 10:37:00,16880.0,-1,4.299999999999999
616,cf2309,2023-06-16 09:47:00,16885.0,1,5.0,4.299999999999999,2023-06-16 10:37:00,16885.0,-1,4.299999999999999
617,cf2309,2023-06-16 10:40:00,16870.0,1,5.0,4.299999999999999,2023-06-16 10:51:00,16870.0,-1,4.299999999999999
618,cf2309,2023-06-16 10:38:00,16895.0,1,5.0,4.299999999999999,2023-06-16 11:10:00,16880.0,-1,4.299999999999999
619,cf2309,2023-06-16 11:27:00,16900.0,1,5.0,4.299999999999999,2023-06-16 13:30:00,16920.0,-1,4.299999999999999
620,cf2309,2023-06-16 21:11:00,16845.0,1,5.0,4.299999999999999,2023-06-16 21:18:00,16860.0,-1,4.299999999999999
621,cf2309,2023-06-16 21:08:00,16860.0,1,5.0,4.299999999999999,2023-06-16 21:19:00,16865.0,-1,4.299999999999999
622,cf2309,2023-06-16 21:54:00,16870.0,1,5.0,4.299999999999999,2023-06-16 22:10:00,16880.0,-1,4.299999999999999
623,cf2309,2023-06-16 21:52:00,16875.0,1,5.0,4.299999999999999,2023-06-16 22:11:00,16885.0,-1,4.299999999999999
624,cf2309,2023-06-16 13:46:00,16925.0,1,5.0,4.299999999999999,2023-06-19 09:00:00,16970.0,-1,4.299999999999999
625,cf2309,2023-06-19 14:57:00,16460.0,1,5.0,4.299999999999999,2023-06-19 21:00:00,16495.0,-1,4.299999999999999
626,cf2309,2023-06-19 14:56:00,16465.0,1,5.0,4.299999999999999,2023-06-19 21:00:00,16495.0,-1,4.299999999999999
627,cf2309,2023-06-19 14:55:00,16475.0,1,5.0,4.299999999999999,2023-06-19 21:00:00,16500.0,-1,4.299999999999999
628,cf2309,2023-06-19 21:02:00,16460.0,1,5.0,4.299999999999999,2023-06-19 21:11:00,16465.0,-1,4.299999999999999
629,cf2309,2023-06-19 21:00:00,16480.0,1,5.0,4.299999999999999,2023-06-19 21:11:00,16465.0,-1,4.299999999999999
630,cf2309,2023-06-19 21:00:00,16500.0,1,5.0,4.299999999999999,2023-06-19 21:13:00,16475.0,-1,4.299999999999999
631,cf2309,2023-06-19 22:22:00,16560.0,1,5.0,4.299999999999999,2023-06-19 22:30:00,16570.0,-1,4.299999999999999
632,cf2309,2023-06-20 10:33:00,16670.0,1,5.0,4.299999999999999,2023-06-20 10:43:00,16685.0,-1,4.299999999999999
633,cf2309,2023-06-20 10:30:00,16685.0,1,5.0,4.299999999999999,2023-06-20 10:43:00,16685.0,-1,4.299999999999999
634,cf2309,2023-06-20 10:53:00,16710.0,1,5.0,4.299999999999999,2023-06-20 10:59:00,16715.0,-1,4.299999999999999
635,cf2309,2023-06-20 13:52:00,16710.0,1,5.0,4.299999999999999,2023-06-20 14:38:00,16705.0,-1,4.299999999999999
636,cf2309,2023-06-20 14:42:00,16710.0,1,5.0,4.299999999999999,2023-06-20 14:53:00,16705.0,-1,4.299999999999999
637,cf2309,2023-06-21 09:05:00,16590.0,1,5.0,4.299999999999999,2023-06-21 09:18:00,16605.0,-1,4.299999999999999
638,cf2309,2023-06-20 22:49:00,16590.0,1,5.0,4.299999999999999,2023-06-21 09:19:00,16610.0,-1,4.299999999999999
639,cf2309,2023-06-21 14:43:00,16370.0,1,5.0,4.299999999999999,2023-06-21 14:50:00,16370.0,-1,4.299999999999999
640,cf2309,2023-06-21 14:43:00,16370.0,1,5.0,4.299999999999999,2023-06-21 14:50:00,16370.0,-1,4.299999999999999
641,cf2309,2023-06-21 14:43:00,16370.0,1,5.0,4.299999999999999,2023-06-26 09:11:00,16380.0,-1,4.299999999999999
642,cf2309,2023-06-27 09:36:00,16210.0,1,5.0,4.299999999999999,2023-06-27 09:46:00,16215.0,-1,4.299999999999999
643,cf2309,2023-06-27 11:01:00,16160.0,1,5.0,4.299999999999999,2023-06-27 11:14:00,16175.0,-1,4.299999999999999
644,cf2309,2023-06-26 22:06:00,16270.0,1,5.0,4.299999999999999,2023-06-27 13:38:00,16265.0,-1,4.299999999999999
645,cf2309,2023-06-27 13:47:00,16270.0,1,5.0,4.299999999999999,2023-06-27 14:03:00,16300.0,-1,4.299999999999999
646,cf2309,2023-06-27 13:39:00,16235.0,1,5.0,4.299999999999999,2023-06-27 14:03:00,16300.0,-1,4.299999999999999
647,cf2309,2023-06-27 14:22:00,16350.0,1,5.0,4.299999999999999,2023-06-27 14:59:00,16360.0,-1,4.299999999999999
648,cf2309,2023-06-27 22:03:00,16305.0,1,5.0,4.299999999999999,2023-06-27 22:19:00,16350.0,-1,4.299999999999999
649,cf2309,2023-06-28 10:08:00,16260.0,1,5.0,4.299999999999999,2023-06-28 10:30:00,16255.0,-1,4.299999999999999
650,cf2309,2023-06-28 10:08:00,16260.0,1,5.0,4.299999999999999,2023-06-28 10:31:00,16265.0,-1,4.299999999999999
651,cf2309,2023-06-27 22:19:00,16355.0,1,5.0,4.299999999999999,2023-06-28 11:18:00,16360.0,-1,4.299999999999999
652,cf2309,2023-06-28 11:24:00,16320.0,1,5.0,4.299999999999999,2023-06-28 13:44:00,16320.0,-1,4.299999999999999
653,cf2309,2023-06-28 14:12:00,16320.0,1,5.0,4.299999999999999,2023-06-28 14:19:00,16300.0,-1,4.299999999999999
654,cf2309,2023-06-28 14:09:00,16335.0,1,5.0,4.299999999999999,2023-06-28 14:42:00,16325.0,-1,4.299999999999999
655,cf2309,2023-06-28 14:53:00,16335.0,1,5.0,4.299999999999999,2023-06-28 21:05:00,16335.0,-1,4.299999999999999
656,cf2309,2023-06-28 21:12:00,16340.0,1,5.0,4.299999999999999,2023-06-28 21:20:00,16350.0,-1,4.299999999999999
657,cf2309,2023-06-28 21:08:00,16380.0,1,5.0,4.299999999999999,2023-06-28 21:29:00,16355.0,-1,4.299999999999999
658,cf2309,2023-06-28 22:54:00,16335.0,1,5.0,4.299999999999999,2023-06-28 22:58:00,16335.0,-1,4.299999999999999
659,cf2309,2023-06-28 22:54:00,16335.0,1,5.0,4.299999999999999,2023-06-29 09:02:00,16345.0,-1,4.299999999999999
660,cf2309,2023-06-29 09:07:00,16320.0,1,5.0,4.299999999999999,2023-06-29 09:12:00,16280.0,-1,4.299999999999999
661,cf2309,2023-06-29 09:06:00,16335.0,1,5.0,4.299999999999999,2023-06-29 13:31:00,16295.0,-1,4.299999999999999
662,cf2309,2023-06-29 09:02:00,16345.0,1,5.0,4.299999999999999,2023-06-29 13:31:00,16305.0,-1,4.299999999999999
663,cf2309,2023-06-29 13:43:00,16300.0,1,5.0,4.299999999999999,2023-06-29 14:08:00,16310.0,-1,4.299999999999999
664,cf2309,2023-06-29 13:43:00,16300.0,1,5.0,4.299999999999999,2023-06-29 14:08:00,16310.0,-1,4.299999999999999
665,cf2309,2023-06-29 14:21:00,16300.0,1,5.0,4.299999999999999,2023-06-29 22:04:00,16310.0,-1,4.299999999999999
666,cf2309,2023-06-29 14:21:00,16305.0,1,5.0,4.299999999999999,2023-06-29 22:04:00,16310.0,-1,4.299999999999999
667,cf2309,2023-06-29 14:21:00,16305.0,1,5.0,4.299999999999999,2023-06-29 22:06:00,16315.0,-1,4.299999999999999
668,cf2309,2023-06-29 22:07:00,16310.0,1,5.0,4.299999999999999,2023-06-29 22:43:00,16295.0,-1,4.299999999999999
669,cf2309,2023-06-30 09:43:00,16400.0,1,5.0,4.299999999999999,2023-06-30 09:47:00,16410.0,-1,4.299999999999999
670,cf2309,2023-06-30 09:43:00,16400.0,1,5.0,4.299999999999999,2023-06-30 09:47:00,16410.0,-1,4.299999999999999
671,cf2309,2023-06-30 09:52:00,16435.0,1,5.0,4.299999999999999,2023-06-30 10:36:00,16770.0,-1,4.299999999999999
672,cf2309,2023-06-30 14:41:00,16675.0,1,5.0,4.299999999999999,2023-06-30 14:51:00,16680.0,-1,4.299999999999999
673,cf2309,2023-06-30 14:57:00,16660.0,1,5.0,4.299999999999999,2023-06-30 21:01:00,16680.0,-1,4.299999999999999
674,cf2309,2023-06-30 14:54:00,16670.0,1,5.0,4.299999999999999,2023-06-30 21:01:00,16685.0,-1,4.299999999999999
675,cf2309,2023-06-30 14:52:00,16680.0,1,5.0,4.299999999999999,2023-06-30 21:01:00,16695.0,-1,4.299999999999999
676,cf2309,2023-06-30 21:03:00,16670.0,1,5.0,4.299999999999999,2023-06-30 21:10:00,16695.0,-1,4.299999999999999
677,cf2309,2023-06-30 22:01:00,16675.0,1,5.0,4.299999999999999,2023-06-30 22:05:00,16685.0,-1,4.299999999999999
678,cf2309,2023-06-30 21:01:00,16690.0,1,5.0,4.299999999999999,2023-06-30 22:06:00,16700.0,-1,4.299999999999999
679,cf2309,2023-06-30 22:34:00,16740.0,1,5.0,4.299999999999999,2023-06-30 22:48:00,16770.0,-1,4.299999999999999
680,cf2309,2023-07-03 09:01:00,16815.0,1,5.0,4.299999999999999,2023-07-03 09:03:00,16840.0,-1,4.299999999999999
681,cf2309,2023-07-03 09:06:00,16770.0,1,5.0,4.299999999999999,2023-07-03 13:33:00,16815.0,-1,4.299999999999999
682,cf2309,2023-07-03 09:04:00,16815.0,1,5.0,4.299999999999999,2023-07-03 13:34:00,16820.0,-1,4.299999999999999
683,cf2309,2023-07-03 13:40:00,16810.0,1,5.0,4.299999999999999,2023-07-03 14:06:00,16825.0,-1,4.299999999999999
684,cf2309,2023-07-03 14:27:00,16810.0,1,5.0,4.299999999999999,2023-07-03 14:32:00,16790.0,-1,4.299999999999999
685,cf2309,2023-07-03 14:23:00,16840.0,1,5.0,4.299999999999999,2023-07-03 14:44:00,16800.0,-1,4.299999999999999
686,cf2309,2023-06-01 09:31:00,15610.0,-1,5.0,4.299999999999999,2023-07-03 14:59:00,15535.0,1,4.299999999999999
687,cf2309,2023-06-01 09:27:00,15595.0,-1,5.0,4.299999999999999,2023-07-03 14:59:00,15595.0,1,4.299999999999999
688,cf2309,2023-05-31 21:05:00,15465.0,-1,5.0,4.299999999999999,2023-07-03 14:59:00,15590.0,1,4.299999999999999
689,cf2309,2023-07-03 21:09:00,16800.0,1,5.0,4.299999999999999,2023-07-03 21:30:00,16765.0,-1,4.299999999999999
690,cf2309,2023-07-03 21:28:00,16750.0,-1,5.0,4.299999999999999,2023-07-03 21:51:00,16770.0,1,4.299999999999999
691,cf2309,2023-07-03 21:17:00,16765.0,-1,5.0,4.299999999999999,2023-07-03 22:02:00,16755.0,1,4.299999999999999
692,cf2309,2023-07-03 22:37:00,16770.0,1,5.0,4.299999999999999,2023-07-03 22:53:00,16770.0,-1,4.299999999999999
693,cf2309,2023-07-03 22:11:00,16750.0,-1,5.0,4.299999999999999,2023-07-04 09:00:00,16740.0,1,4.299999999999999
694,cf2309,2023-07-03 22:09:00,16735.0,-1,5.0,4.299999999999999,2023-07-04 09:00:00,16740.0,1,4.299999999999999
695,cf2309,2023-07-04 09:21:00,16700.0,-1,5.0,4.299999999999999,2023-07-04 09:29:00,16690.0,1,4.299999999999999
696,cf2309,2023-07-04 09:03:00,16740.0,-1,5.0,4.299999999999999,2023-07-04 09:29:00,16690.0,1,4.299999999999999
697,cf2309,2023-07-04 09:53:00,16700.0,1,5.0,4.299999999999999,2023-07-04 10:00:00,16710.0,-1,4.299999999999999
698,cf2309,2023-07-04 10:31:00,16690.0,-1,5.0,4.299999999999999,2023-07-04 10:56:00,16660.0,1,4.299999999999999
699,cf2309,2023-07-04 11:04:00,16650.0,-1,5.0,4.299999999999999,2023-07-04 11:12:00,16630.0,1,4.299999999999999
700,cf2309,2023-07-04 13:31:00,16610.0,-1,5.0,4.299999999999999,2023-07-04 13:51:00,16525.0,1,4.299999999999999
701,cf2309,2023-07-04 13:51:00,16510.0,-1,5.0,4.299999999999999,2023-07-04 14:19:00,16495.0,1,4.299999999999999
702,cf2309,2023-07-04 14:51:00,16530.0,1,5.0,4.299999999999999,2023-07-04 14:59:00,16815.0,-1,4.299999999999999
703,cf2309,2023-07-03 21:05:00,16815.0,1,5.0,4.299999999999999,2023-07-04 14:59:00,16815.0,-1,4.299999999999999
704,cf2309,2023-07-03 21:03:00,16850.0,1,5.0,4.299999999999999,2023-07-04 21:00:00,16540.0,-1,4.299999999999999
705,cf2309,2023-07-04 21:00:00,16525.0,1,5.0,4.299999999999999,2023-07-04 21:12:00,16525.0,-1,4.299999999999999
706,cf2309,2023-07-04 21:00:00,16535.0,1,5.0,4.299999999999999,2023-07-04 21:33:00,16530.0,-1,4.299999999999999
707,cf2309,2023-07-04 21:41:00,16535.0,1,5.0,4.299999999999999,2023-07-04 21:59:00,16560.0,-1,4.299999999999999
708,cf2309,2023-07-04 21:59:00,16565.0,1,5.0,4.299999999999999,2023-07-04 22:10:00,16595.0,-1,4.299999999999999
709,cf2309,2023-07-04 22:59:00,16575.0,1,5.0,4.299999999999999,2023-07-05 09:05:00,16580.0,-1,4.299999999999999
710,cf2309,2023-07-04 22:59:00,16585.0,1,5.0,4.299999999999999,2023-07-05 09:05:00,16590.0,-1,4.299999999999999
711,cf2309,2023-07-05 09:13:00,16615.0,1,5.0,4.299999999999999,2023-07-05 09:15:00,16625.0,-1,4.299999999999999
712,cf2309,2023-07-05 09:18:00,16600.0,1,5.0,4.299999999999999,2023-07-05 09:27:00,16595.0,-1,4.299999999999999
713,cf2309,2023-07-05 09:15:00,16625.0,1,5.0,4.299999999999999,2023-07-05 09:30:00,16605.0,-1,4.299999999999999
714,cf2309,2023-07-05 10:03:00,16565.0,-1,5.0,4.299999999999999,2023-07-05 10:12:00,16565.0,1,4.299999999999999
715,cf2309,2023-07-05 10:02:00,16545.0,-1,5.0,4.299999999999999,2023-07-05 10:14:00,16555.0,1,4.299999999999999
716,cf2309,2023-07-05 10:32:00,16550.0,-1,5.0,4.299999999999999,2023-07-05 10:42:00,16555.0,1,4.299999999999999
717,cf2309,2023-07-05 10:30:00,16530.0,-1,5.0,4.299999999999999,2023-07-05 10:44:00,16550.0,1,4.299999999999999
718,cf2309,2023-07-05 10:53:00,16525.0,-1,5.0,4.299999999999999,2023-07-05 11:04:00,16520.0,1,4.299999999999999
719,cf2309,2023-07-05 11:04:00,16520.0,-1,5.0,4.299999999999999,2023-07-05 11:15:00,16515.0,1,4.299999999999999
720,cf2309,2023-07-05 13:35:00,16540.0,1,5.0,4.299999999999999,2023-07-05 13:52:00,16555.0,-1,4.299999999999999
721,cf2309,2023-07-05 13:52:00,16555.0,1,5.0,4.299999999999999,2023-07-05 14:12:00,16570.0,-1,4.299999999999999
722,cf2309,2023-07-05 14:27:00,16575.0,1,5.0,4.299999999999999,2023-07-05 14:46:00,16565.0,-1,4.299999999999999
723,cf2309,2023-07-05 14:40:00,16550.0,-1,5.0,4.299999999999999,2023-07-05 14:52:00,16545.0,1,4.299999999999999
724,cf2309,2023-07-05 14:54:00,16545.0,-1,5.0,4.299999999999999,2023-07-05 21:09:00,16545.0,1,4.299999999999999
725,cf2309,2023-07-05 21:07:00,16550.0,1,5.0,4.299999999999999,2023-07-05 21:13:00,16570.0,-1,4.299999999999999
726,cf2309,2023-07-05 21:07:00,16565.0,1,5.0,4.299999999999999,2023-07-05 21:17:00,16575.0,-1,4.299999999999999
727,cf2309,2023-07-05 21:05:00,16590.0,1,5.0,4.299999999999999,2023-07-05 21:17:00,16575.0,-1,4.299999999999999
728,cf2309,2023-07-05 22:20:00,16560.0,-1,5.0,4.299999999999999,2023-07-05 22:24:00,16555.0,1,4.299999999999999
729,cf2309,2023-07-06 09:01:00,16520.0,-1,5.0,4.299999999999999,2023-07-06 09:10:00,16525.0,1,4.299999999999999
730,cf2309,2023-07-06 09:01:00,16510.0,-1,5.0,4.299999999999999,2023-07-06 09:11:00,16520.0,1,4.299999999999999
731,cf2309,2023-07-06 09:00:00,16495.0,-1,5.0,4.299999999999999,2023-07-06 09:11:00,16520.0,1,4.299999999999999
732,cf2309,2023-07-06 09:24:00,16500.0,-1,5.0,4.299999999999999,2023-07-06 09:30:00,16485.0,1,4.299999999999999
733,cf2309,2023-07-06 09:21:00,16500.0,-1,5.0,4.299999999999999,2023-07-06 09:30:00,16485.0,1,4.299999999999999
734,cf2309,2023-07-06 09:52:00,16510.0,1,5.0,4.299999999999999,2023-07-06 09:55:00,16515.0,-1,4.299999999999999
735,cf2309,2023-07-06 09:58:00,16515.0,1,5.0,4.299999999999999,2023-07-06 10:05:00,16525.0,-1,4.299999999999999
736,cf2309,2023-07-06 10:42:00,16500.0,-1,5.0,4.299999999999999,2023-07-06 11:09:00,16565.0,1,4.299999999999999
737,cf2309,2023-07-06 13:35:00,16570.0,-1,5.0,4.299999999999999,2023-07-06 13:39:00,16555.0,1,4.299999999999999
738,cf2309,2023-07-06 13:35:00,16565.0,-1,5.0,4.299999999999999,2023-07-06 13:39:00,16555.0,1,4.299999999999999
739,cf2309,2023-07-05 21:22:00,16600.0,1,5.0,4.299999999999999,2023-07-06 13:52:00,16605.0,-1,4.299999999999999
740,cf2309,2023-07-06 13:52:00,16600.0,1,5.0,4.299999999999999,2023-07-06 14:02:00,16610.0,-1,4.299999999999999
741,cf2309,2023-07-06 14:05:00,16590.0,1,5.0,4.299999999999999,2023-07-06 14:13:00,16595.0,-1,4.299999999999999
742,cf2309,2023-07-06 14:02:00,16610.0,1,5.0,4.299999999999999,2023-07-06 14:14:00,16605.0,-1,4.299999999999999
743,cf2309,2023-07-06 14:46:00,16565.0,-1,5.0,4.299999999999999,2023-07-06 14:55:00,16565.0,1,4.299999999999999
744,cf2309,2023-07-06 13:35:00,16565.0,-1,5.0,4.299999999999999,2023-07-06 21:00:00,16550.0,1,4.299999999999999
745,cf2309,2023-07-06 21:01:00,16570.0,-1,5.0,4.299999999999999,2023-07-06 21:08:00,16665.0,1,4.299999999999999
746,cf2309,2023-07-06 21:08:00,16665.0,1,5.0,4.299999999999999,2023-07-06 21:16:00,16685.0,-1,4.299999999999999
747,cf2309,2023-07-06 21:00:00,16555.0,-1,5.0,4.299999999999999,2023-07-06 21:44:00,16740.0,1,4.299999999999999
748,cf2309,2023-07-06 21:45:00,16750.0,1,5.0,4.299999999999999,2023-07-06 21:51:00,16750.0,-1,4.299999999999999
749,cf2309,2023-07-06 22:09:00,16700.0,-1,5.0,4.299999999999999,2023-07-06 22:14:00,16650.0,1,4.299999999999999
750,cf2309,2023-07-06 21:00:00,16540.0,-1,5.0,4.299999999999999,2023-07-06 22:33:00,16630.0,1,4.299999999999999
751,cf2309,2023-07-06 22:59:00,16660.0,1,5.0,4.299999999999999,2023-07-07 09:54:00,16690.0,-1,4.299999999999999
752,cf2309,2023-07-07 10:03:00,16690.0,1,5.0,4.299999999999999,2023-07-07 10:06:00,16705.0,-1,4.299999999999999
753,cf2309,2023-07-07 10:55:00,16685.0,-1,5.0,4.299999999999999,2023-07-07 11:15:00,16685.0,1,4.299999999999999
754,cf2309,2023-07-07 13:47:00,16720.0,1,5.0,4.299999999999999,2023-07-07 14:17:00,16730.0,-1,4.299999999999999
755,cf2309,2023-07-07 14:09:00,16710.0,-1,5.0,4.299999999999999,2023-07-07 14:24:00,16710.0,1,4.299999999999999
756,cf2309,2023-07-07 14:05:00,16695.0,-1,5.0,4.299999999999999,2023-07-07 14:25:00,16705.0,1,4.299999999999999
757,cf2309,2023-07-07 14:47:00,16700.0,-1,5.0,4.299999999999999,2023-07-07 14:56:00,16685.0,1,4.299999999999999
758,cf2309,2023-07-06 21:37:00,16765.0,1,5.0,4.299999999999999,2023-07-07 14:59:00,16760.0,-1,4.299999999999999
759,cf2309,2023-07-07 21:00:00,16705.0,-1,5.0,4.299999999999999,2023-07-07 21:04:00,16655.0,1,4.299999999999999
760,cf2309,2023-07-07 21:12:00,16675.0,-1,5.0,4.299999999999999,2023-07-07 21:16:00,16665.0,1,4.299999999999999
761,cf2309,2023-07-07 14:57:00,16685.0,-1,5.0,4.299999999999999,2023-07-07 21:16:00,16660.0,1,4.299999999999999
762,cf2309,2023-07-07 09:22:00,16660.0,-1,5.0,4.299999999999999,2023-07-07 21:22:00,16650.0,1,4.299999999999999
763,cf2309,2023-07-07 21:33:00,16650.0,-1,5.0,4.299999999999999,2023-07-07 21:43:00,16670.0,1,4.299999999999999
764,cf2309,2023-07-07 21:27:00,16650.0,-1,5.0,4.299999999999999,2023-07-07 22:05:00,16665.0,1,4.299999999999999
765,cf2309,2023-07-07 22:14:00,16655.0,-1,5.0,4.299999999999999,2023-07-07 22:21:00,16650.0,1,4.299999999999999
766,cf2309,2023-07-07 21:45:00,16680.0,1,5.0,4.299999999999999,2023-07-07 22:38:00,16675.0,-1,4.299999999999999
767,cf2309,2023-07-07 22:21:00,16650.0,-1,5.0,4.299999999999999,2023-07-07 22:41:00,16650.0,1,4.299999999999999
768,cf2309,2023-07-10 09:03:00,16670.0,1,5.0,4.299999999999999,2023-07-10 09:10:00,16695.0,-1,4.299999999999999
769,cf2309,2023-07-07 22:48:00,16645.0,-1,5.0,4.299999999999999,2023-07-10 09:13:00,16660.0,1,4.299999999999999
770,cf2309,2023-07-10 09:23:00,16660.0,-1,5.0,4.299999999999999,2023-07-10 09:28:00,16645.0,1,4.299999999999999
771,cf2309,2023-07-10 09:19:00,16650.0,-1,5.0,4.299999999999999,2023-07-10 09:28:00,16645.0,1,4.299999999999999
772,cf2309,2023-07-10 09:16:00,16635.0,-1,5.0,4.299999999999999,2023-07-10 09:28:00,16640.0,1,4.299999999999999
773,cf2309,2023-07-10 09:03:00,16690.0,1,5.0,4.299999999999999,2023-07-10 10:44:00,16700.0,-1,4.299999999999999
774,cf2309,2023-07-10 11:22:00,16680.0,-1,5.0,4.299999999999999,2023-07-10 11:26:00,16680.0,1,4.299999999999999
775,cf2309,2023-07-10 11:22:00,16680.0,-1,5.0,4.299999999999999,2023-07-10 13:31:00,16670.0,1,4.299999999999999
776,cf2309,2023-07-10 13:40:00,16670.0,1,5.0,4.299999999999999,2023-07-10 13:47:00,16680.0,-1,4.299999999999999
777,cf2309,2023-07-10 13:40:00,16690.0,1,5.0,4.299999999999999,2023-07-10 13:49:00,16685.0,-1,4.299999999999999
778,cf2309,2023-07-10 14:23:00,16670.0,-1,5.0,4.299999999999999,2023-07-10 14:37:00,16660.0,1,4.299999999999999
779,cf2309,2023-07-10 21:01:00,16635.0,-1,5.0,4.299999999999999,2023-07-10 21:07:00,16590.0,1,4.299999999999999
780,cf2309,2023-07-10 21:00:00,16610.0,-1,5.0,4.299999999999999,2023-07-10 21:08:00,16590.0,1,4.299999999999999
781,cf2309,2023-07-10 21:11:00,16605.0,-1,5.0,4.299999999999999,2023-07-10 21:43:00,16620.0,1,4.299999999999999
782,cf2309,2023-07-10 22:37:00,16605.0,-1,5.0,4.299999999999999,2023-07-10 22:38:00,16590.0,1,4.299999999999999
783,cf2309,2023-07-10 22:39:00,16610.0,-1,5.0,4.299999999999999,2023-07-10 22:49:00,16610.0,1,4.299999999999999
784,cf2309,2023-07-10 13:55:00,16695.0,1,5.0,4.299999999999999,2023-07-11 09:00:00,16700.0,-1,4.299999999999999
785,cf2309,2023-07-10 10:50:00,16695.0,1,5.0,4.299999999999999,2023-07-11 09:00:00,16695.0,-1,4.299999999999999
786,cf2309,2023-07-10 21:09:00,16580.0,-1,5.0,4.299999999999999,2023-07-11 09:00:00,16605.0,1,4.299999999999999
787,cf2309,2023-07-11 09:13:00,16660.0,1,5.0,4.299999999999999,2023-07-11 09:19:00,16660.0,-1,4.299999999999999
788,cf2309,2023-07-11 11:15:00,16660.0,1,5.0,4.299999999999999,2023-07-11 13:30:00,16685.0,-1,4.299999999999999
789,cf2309,2023-07-11 11:12:00,16660.0,1,5.0,4.299999999999999,2023-07-11 14:27:00,16695.0,-1,4.299999999999999
790,cf2309,2023-07-11 22:06:00,17120.0,1,5.0,4.299999999999999,2023-07-11 22:11:00,17165.0,-1,4.299999999999999
791,cf2309,2023-07-11 22:06:00,17125.0,1,5.0,4.299999999999999,2023-07-11 22:11:00,17165.0,-1,4.299999999999999
792,cf2309,2023-07-11 21:55:00,17120.0,1,5.0,4.299999999999999,2023-07-11 22:11:00,17165.0,-1,4.299999999999999
793,cf2309,2023-07-12 09:17:00,17205.0,1,5.0,4.299999999999999,2023-07-12 09:35:00,17200.0,-1,4.299999999999999
794,cf2309,2023-07-12 09:40:00,17220.0,1,5.0,4.299999999999999,2023-07-12 10:00:00,17265.0,-1,4.299999999999999
795,cf2309,2023-07-12 10:36:00,17250.0,1,5.0,4.299999999999999,2023-07-12 10:40:00,17220.0,-1,4.299999999999999
796,cf2309,2023-07-12 10:33:00,17265.0,1,5.0,4.299999999999999,2023-07-12 10:42:00,17240.0,-1,4.299999999999999
797,cf2309,2023-07-12 10:32:00,17280.0,1,5.0,4.299999999999999,2023-07-12 10:53:00,17240.0,-1,4.299999999999999
798,cf2309,2023-07-12 09:00:00,17190.0,-1,5.0,4.299999999999999,2023-07-12 13:43:00,17160.0,1,4.299999999999999
799,cf2309,2023-07-12 21:09:00,17210.0,1,5.0,4.299999999999999,2023-07-12 21:12:00,17225.0,-1,4.299999999999999
800,cf2309,2023-07-12 14:37:00,17160.0,1,5.0,4.299999999999999,2023-07-12 21:34:00,17240.0,-1,4.299999999999999
801,cf2309,2023-07-12 21:50:00,17270.0,1,5.0,4.299999999999999,2023-07-12 22:17:00,17250.0,-1,4.299999999999999
802,cf2309,2023-07-12 22:43:00,17270.0,1,5.0,4.299999999999999,2023-07-12 22:52:00,17275.0,-1,4.299999999999999
803,cf2309,2023-07-13 09:19:00,17160.0,-1,5.0,4.299999999999999,2023-07-13 09:22:00,17140.0,1,4.299999999999999
804,cf2309,2023-07-13 09:57:00,17190.0,1,5.0,4.299999999999999,2023-07-13 10:12:00,17190.0,-1,4.299999999999999
805,cf2309,2023-07-13 10:30:00,17215.0,1,5.0,4.299999999999999,2023-07-13 10:38:00,17225.0,-1,4.299999999999999
806,cf2309,2023-07-13 10:38:00,17225.0,1,5.0,4.299999999999999,2023-07-13 10:59:00,17200.0,-1,4.299999999999999
807,cf2309,2023-07-13 10:58:00,17180.0,-1,5.0,4.299999999999999,2023-07-13 11:11:00,17200.0,1,4.299999999999999
808,cf2309,2023-07-13 11:22:00,17215.0,1,5.0,4.299999999999999,2023-07-13 13:40:00,17230.0,-1,4.299999999999999
809,cf2309,2023-07-13 11:20:00,17230.0,1,5.0,4.299999999999999,2023-07-13 13:40:00,17230.0,-1,4.299999999999999
810,cf2309,2023-07-13 13:50:00,17235.0,1,5.0,4.299999999999999,2023-07-13 13:59:00,17195.0,-1,4.299999999999999
811,cf2309,2023-07-13 13:40:00,17240.0,1,5.0,4.299999999999999,2023-07-13 14:07:00,17225.0,-1,4.299999999999999
812,cf2309,2023-07-13 14:01:00,17210.0,-1,5.0,4.299999999999999,2023-07-13 14:23:00,17210.0,1,4.299999999999999
813,cf2309,2023-07-13 14:34:00,17230.0,1,5.0,4.299999999999999,2023-07-13 14:42:00,17235.0,-1,4.299999999999999
814,cf2309,2023-07-13 14:32:00,17240.0,1,5.0,4.299999999999999,2023-07-13 14:43:00,17245.0,-1,4.299999999999999
815,cf2309,2023-07-13 21:00:00,17205.0,-1,5.0,4.299999999999999,2023-07-13 21:10:00,17260.0,1,4.299999999999999
816,cf2309,2023-07-13 21:13:00,17230.0,1,5.0,4.299999999999999,2023-07-13 21:21:00,17240.0,-1,4.299999999999999
817,cf2309,2023-07-13 21:09:00,17275.0,1,5.0,4.299999999999999,2023-07-13 21:46:00,17250.0,-1,4.299999999999999
818,cf2309,2023-07-13 22:33:00,17205.0,-1,5.0,4.299999999999999,2023-07-13 22:41:00,17200.0,1,4.299999999999999
819,cf2309,2023-07-14 09:17:00,17170.0,-1,5.0,4.299999999999999,2023-07-14 09:37:00,17100.0,1,4.299999999999999
820,cf2309,2023-07-14 10:01:00,17140.0,1,5.0,4.299999999999999,2023-07-14 10:49:00,17165.0,-1,4.299999999999999
821,cf2309,2023-07-14 10:55:00,17130.0,1,5.0,4.299999999999999,2023-07-14 11:08:00,17140.0,-1,4.299999999999999
822,cf2309,2023-07-14 10:55:00,17135.0,1,5.0,4.299999999999999,2023-07-14 11:08:00,17140.0,-1,4.299999999999999
823,cf2309,2023-07-13 21:53:00,17260.0,1,5.0,4.299999999999999,2023-07-14 14:59:00,17255.0,-1,4.299999999999999
824,cf2309,2023-07-14 21:00:00,17180.0,-1,5.0,4.299999999999999,2023-07-14 21:14:00,17135.0,1,4.299999999999999
825,cf2309,2023-07-14 21:08:00,17145.0,1,5.0,4.299999999999999,2023-07-14 21:20:00,17130.0,-1,4.299999999999999
826,cf2309,2023-07-14 21:08:00,17145.0,1,5.0,4.299999999999999,2023-07-14 21:35:00,17115.0,-1,4.299999999999999
827,cf2309,2023-07-11 14:01:00,16660.0,-1,5.0,4.299999999999999,2023-07-17 09:00:00,16655.0,1,4.299999999999999
828,cf2309,2023-07-11 13:53:00,16655.0,-1,5.0,4.299999999999999,2023-07-17 09:00:00,16660.0,1,4.299999999999999
829,cf2309,2023-07-17 09:01:00,16930.0,-1,5.0,4.299999999999999,2023-07-17 09:08:00,16880.0,1,4.299999999999999
830,cf2309,2023-07-17 09:01:00,16915.0,-1,5.0,4.299999999999999,2023-07-17 09:08:00,16880.0,1,4.299999999999999
831,cf2309,2023-07-17 09:01:00,16915.0,-1,5.0,4.299999999999999,2023-07-17 09:08:00,16870.0,1,4.299999999999999
832,cf2309,2023-07-17 11:19:00,16930.0,-1,5.0,4.299999999999999,2023-07-17 13:40:00,16930.0,1,4.299999999999999
833,cf2309,2023-07-17 14:18:00,16915.0,-1,5.0,4.299999999999999,2023-07-17 14:30:00,16910.0,1,4.299999999999999
834,cf2309,2023-07-17 14:13:00,16910.0,-1,5.0,4.299999999999999,2023-07-17 14:35:00,16905.0,1,4.299999999999999
835,cf2309,2023-07-17 14:51:00,16910.0,-1,5.0,4.299999999999999,2023-07-17 14:57:00,16900.0,1,4.299999999999999
836,cf2309,2023-07-17 14:51:00,16900.0,-1,5.0,4.299999999999999,2023-07-17 14:57:00,16895.0,1,4.299999999999999
837,cf2309,2023-07-17 21:45:00,16940.0,-1,5.0,4.299999999999999,2023-07-17 21:54:00,16940.0,1,4.299999999999999
838,cf2309,2023-07-14 21:55:00,17130.0,1,5.0,4.299999999999999,2023-07-17 22:44:00,17130.0,-1,4.299999999999999
839,cf2309,2023-07-14 21:54:00,17135.0,1,5.0,4.299999999999999,2023-07-17 22:44:00,17135.0,-1,4.299999999999999
840,cf2309,2023-07-17 22:44:00,17110.0,1,5.0,4.299999999999999,2023-07-17 22:59:00,17170.0,-1,4.299999999999999
841,cf2309,2023-07-17 14:50:00,16890.0,-1,5.0,4.299999999999999,2023-07-18 09:00:00,16885.0,1,4.299999999999999
842,cf2309,2023-07-18 09:08:00,17205.0,1,5.0,4.299999999999999,2023-07-18 09:22:00,17235.0,-1,4.299999999999999
843,cf2309,2023-07-18 09:51:00,17180.0,-1,5.0,4.299999999999999,2023-07-18 10:02:00,17180.0,1,4.299999999999999
844,cf2309,2023-07-18 10:38:00,17190.0,-1,5.0,4.299999999999999,2023-07-18 10:44:00,17190.0,1,4.299999999999999
845,cf2309,2023-07-18 10:36:00,17185.0,-1,5.0,4.299999999999999,2023-07-18 10:44:00,17185.0,1,4.299999999999999
846,cf2309,2023-07-18 10:34:00,17160.0,-1,5.0,4.299999999999999,2023-07-18 10:44:00,17175.0,1,4.299999999999999
847,cf2309,2023-07-18 10:54:00,17210.0,1,5.0,4.299999999999999,2023-07-18 11:08:00,17205.0,-1,4.299999999999999
848,cf2309,2023-07-18 13:40:00,17190.0,-1,5.0,4.299999999999999,2023-07-18 13:46:00,17185.0,1,4.299999999999999
849,cf2309,2023-07-18 13:39:00,17180.0,-1,5.0,4.299999999999999,2023-07-18 13:47:00,17175.0,1,4.299999999999999
850,cf2309,2023-07-18 13:48:00,17175.0,-1,5.0,4.299999999999999,2023-07-18 14:13:00,17155.0,1,4.299999999999999
851,cf2309,2023-07-18 14:17:00,17200.0,1,5.0,4.299999999999999,2023-07-18 14:28:00,17205.0,-1,4.299999999999999
852,cf2309,2023-07-18 14:29:00,17190.0,1,5.0,4.299999999999999,2023-07-18 14:40:00,17205.0,-1,4.299999999999999
853,cf2309,2023-07-18 14:57:00,17175.0,-1,5.0,4.299999999999999,2023-07-18 21:00:00,16990.0,1,4.299999999999999
854,cf2309,2023-07-18 22:25:00,16910.0,1,5.0,4.299999999999999,2023-07-18 22:30:00,16920.0,-1,4.299999999999999
855,cf2309,2023-07-18 21:43:00,16915.0,-1,5.0,4.299999999999999,2023-07-19 09:00:00,16880.0,1,4.299999999999999
856,cf2309,2023-07-19 09:09:00,16920.0,1,5.0,4.299999999999999,2023-07-19 09:15:00,16935.0,-1,4.299999999999999
857,cf2309,2023-07-19 09:34:00,16970.0,1,5.0,4.299999999999999,2023-07-19 09:41:00,16995.0,-1,4.299999999999999
858,cf2309,2023-07-19 11:02:00,16915.0,-1,5.0,4.299999999999999,2023-07-19 11:11:00,16910.0,1,4.299999999999999
859,cf2309,2023-07-19 10:56:00,16915.0,-1,5.0,4.299999999999999,2023-07-19 11:12:00,16905.0,1,4.299999999999999
860,cf2309,2023-07-19 13:35:00,16910.0,1,5.0,4.299999999999999,2023-07-19 13:38:00,16925.0,-1,4.299999999999999
861,cf2309,2023-07-19 21:01:00,17130.0,1,5.0,4.299999999999999,2023-07-19 21:09:00,17160.0,-1,4.299999999999999
862,cf2309,2023-07-18 14:28:00,17205.0,1,5.0,4.299999999999999,2023-07-19 21:22:00,17220.0,-1,4.299999999999999
863,cf2309,2023-07-18 09:30:00,17245.0,1,5.0,4.299999999999999,2023-07-19 21:22:00,17235.0,-1,4.299999999999999
864,cf2309,2023-07-19 22:08:00,17180.0,-1,5.0,4.299999999999999,2023-07-19 22:21:00,17150.0,1,4.299999999999999
865,cf2309,2023-07-19 21:58:00,17190.0,-1,5.0,4.299999999999999,2023-07-19 22:21:00,17145.0,1,4.299999999999999
866,cf2309,2023-07-19 21:56:00,17170.0,-1,5.0,4.299999999999999,2023-07-19 22:23:00,17140.0,1,4.299999999999999
867,cf2309,2023-07-20 09:01:00,17170.0,1,5.0,4.299999999999999,2023-07-20 09:10:00,17175.0,-1,4.299999999999999
868,cf2309,2023-07-20 09:18:00,17160.0,1,5.0,4.299999999999999,2023-07-20 09:18:00,17165.0,-1,4.299999999999999
869,cf2309,2023-07-20 09:12:00,17155.0,1,5.0,4.299999999999999,2023-07-20 09:19:00,17170.0,-1,4.299999999999999
870,cf2309,2023-07-20 09:51:00,17150.0,-1,5.0,4.299999999999999,2023-07-20 10:10:00,17125.0,1,4.299999999999999
871,cf2309,2023-07-20 09:50:00,17140.0,-1,5.0,4.299999999999999,2023-07-20 10:10:00,17115.0,1,4.299999999999999
872,cf2309,2023-07-20 10:11:00,17135.0,-1,5.0,4.299999999999999,2023-07-20 10:39:00,17145.0,1,4.299999999999999
873,cf2309,2023-07-20 10:10:00,17115.0,-1,5.0,4.299999999999999,2023-07-20 10:40:00,17135.0,1,4.299999999999999
874,cf2309,2023-07-20 09:10:00,17175.0,1,5.0,4.299999999999999,2023-07-20 10:51:00,17180.0,-1,4.299999999999999
875,cf2309,2023-07-20 11:01:00,17180.0,1,5.0,4.299999999999999,2023-07-20 14:02:00,17200.0,-1,4.299999999999999
876,cf2309,2023-07-20 10:51:00,17190.0,1,5.0,4.299999999999999,2023-07-20 14:03:00,17205.0,-1,4.299999999999999
877,cf2309,2023-07-20 13:40:00,17150.0,-1,5.0,4.299999999999999,2023-07-20 14:20:00,17160.0,1,4.299999999999999
878,cf2309,2023-07-20 13:40:00,17145.0,-1,5.0,4.299999999999999,2023-07-20 14:20:00,17160.0,1,4.299999999999999
879,cf2309,2023-07-20 14:03:00,17200.0,1,5.0,4.299999999999999,2023-07-20 14:26:00,17180.0,-1,4.299999999999999
880,cf2309,2023-07-20 14:26:00,17180.0,-1,5.0,4.299999999999999,2023-07-20 14:30:00,17170.0,1,4.299999999999999
881,cf2309,2023-07-20 14:26:00,17180.0,-1,5.0,4.299999999999999,2023-07-20 14:32:00,17160.0,1,4.299999999999999
882,cf2309,2023-07-20 13:40:00,17145.0,-1,5.0,4.299999999999999,2023-07-20 14:32:00,17150.0,1,4.299999999999999
883,cf2309,2023-07-20 14:33:00,17155.0,-1,5.0,4.299999999999999,2023-07-20 14:46:00,17150.0,1,4.299999999999999
884,cf2309,2023-07-20 14:51:00,17160.0,-1,5.0,4.299999999999999,2023-07-20 21:09:00,17165.0,1,4.299999999999999
885,cf2309,2023-07-20 14:50:00,17145.0,-1,5.0,4.299999999999999,2023-07-20 21:11:00,17150.0,1,4.299999999999999
