表头注释,开仓时间,平仓时间,开仓价格,平仓价格,多空方向,平仓交易日,合约代码,成交量,收益,手续费,最小报价单位,交易单位
index,open_time,cover_time,open_price,cover_price,ls,cover_date,symbol,volume,rt,fee,tick_size,size
0,2023/4/6 21:00,2023/4/6 21:25,14685,14770,1,20230407,cf2309,1,16.656,0.344,5,5
1,2023/4/6 21:00,2023/4/6 21:25,14695,14775,1,20230407,cf2309,1,15.656,0.344,5,5
2,2023/4/6 21:45,2023/4/6 21:57,14730,14725,-1,20230407,cf2309,1,0.656,0.344,5,5
3,2023/4/6 21:44,2023/4/6 21:57,14710,14725,-1,20230407,cf2309,1,-3.344,0.344,5,5
4,2023/4/6 22:13,2023/4/6 22:28,14760,14770,1,20230407,cf2309,1,1.656,0.344,5,5
5,2023/4/6 22:54,2023/4/6 22:59,14790,14805,1,20230407,cf2309,1,2.656,0.344,5,5
6,2023/4/7 9:00,2023/4/7 9:11,14800,14835,1,20230407,cf2309,1,6.656,0.344,5,5
7,2023/4/7 9:00,2023/4/7 9:12,14815,14845,1,20230407,cf2309,1,5.656,0.344,5,5
8,2023/4/7 9:12,2023/4/7 9:35,14845,14835,1,20230407,cf2309,1,-2.344,0.344,5,5
9,2023/4/7 10:30,2023/4/7 11:00,14870,14890,1,20230407,cf2309,1,3.656,0.344,5,5
10,2023/4/7 13:58,2023/4/7 14:12,14860,14870,-1,20230407,cf2309,1,-2.344,0.344,5,5
11,2023/4/7 13:53,2023/4/7 14:14,14860,14860,-1,20230407,cf2309,1,-0.344,0.344,5,5
12,2023/4/7 14:32,2023/4/7 14:40,14870,14875,1,20230407,cf2309,1,0.656,0.344,5,5
13,2023/4/7 14:32,2023/4/7 14:40,14870,14875,1,20230407,cf2309,1,0.656,0.344,5,5
14,2023/4/7 21:08,2023/4/7 21:13,14865,14855,-1,20230410,cf2309,1,1.656,0.344,5,5
15,2023/4/7 21:16,2023/4/7 21:31,14850,14850,-1,20230410,cf2309,1,-0.344,0.344,5,5
16,2023/4/7 21:47,2023/4/7 22:00,14870,14880,1,20230410,cf2309,1,1.656,0.344,5,5
17,2023/4/7 22:53,2023/4/10 9:19,14875,14785,-1,20230410,cf2309,1,17.656,0.344,5,5
18,2023/4/7 22:53,2023/4/10 9:27,14870,14775,-1,20230410,cf2309,1,18.656,0.344,5,5
19,2023/4/10 10:52,2023/4/10 10:54,14850,14865,1,20230410,cf2309,1,2.656,0.344,5,5
20,2023/4/10 11:21,2023/4/10 14:07,14820,14790,-1,20230410,cf2309,1,5.656,0.344,5,5
21,2023/4/10 21:07,2023/4/10 21:11,14790,14785,1,20230411,cf2309,1,-1.344,0.344,5,5
22,2023/4/10 21:11,2023/4/10 21:36,14785,14755,-1,20230411,cf2309,1,5.656,0.344,5,5
23,2023/4/10 21:58,2023/4/10 22:00,14755,14755,-1,20230411,cf2309,1,-0.344,0.344,5,5
24,2023/4/10 21:58,2023/4/10 22:27,14755,14745,-1,20230411,cf2309,1,1.656,0.344,5,5
25,2023/4/10 22:28,2023/4/10 22:59,14745,14730,-1,20230411,cf2309,1,2.656,0.344,5,5
26,2023/4/11 9:00,2023/4/11 9:32,14720,14665,-1,20230411,cf2309,1,10.656,0.344,5,5
27,2023/4/11 9:46,2023/4/11 10:07,14640,14635,-1,20230411,cf2309,1,0.656,0.344,5,5
28,2023/4/11 10:39,2023/4/11 10:43,14660,14665,1,20230411,cf2309,1,0.656,0.344,5,5
29,2023/4/11 13:43,2023/4/11 13:48,14690,14675,-1,20230411,cf2309,1,2.656,0.344,5,5
30,2023/4/11 14:48,2023/4/11 14:53,14760,14770,1,20230411,cf2309,1,1.656,0.344,5,5
31,2023/4/11 21:16,2023/4/11 21:24,14760,14785,-1,20230412,cf2309,1,-5.344,0.344,5,5
32,2023/4/11 21:13,2023/4/11 21:26,14760,14770,-1,20230412,cf2309,1,-2.344,0.344,5,5
33,2023/4/11 21:26,2023/4/11 21:32,14770,14780,1,20230412,cf2309,1,1.656,0.344,5,5
34,2023/4/11 21:25,2023/4/11 21:32,14775,14785,1,20230412,cf2309,1,1.656,0.344,5,5
35,2023/4/12 9:00,2023/4/12 9:08,14750,14755,-1,20230412,cf2309,1,-1.344,0.344,5,5
36,2023/4/12 9:19,2023/4/12 10:32,14755,14760,1,20230412,cf2309,1,0.656,0.344,5,5
37,2023/4/12 10:58,2023/4/12 11:18,14720,14715,-1,20230412,cf2309,1,0.656,0.344,5,5
38,2023/4/12 21:14,2023/4/12 21:31,14715,14720,-1,20230413,cf2309,1,-1.344,0.344,5,5
39,2023/4/12 21:34,2023/4/12 22:00,14710,14715,-1,20230413,cf2309,1,-1.344,0.344,5,5
40,2023/4/12 22:35,2023/4/12 22:56,14705,14710,-1,20230413,cf2309,1,-1.344,0.344,5,5
41,2023/4/12 22:59,2023/4/13 9:00,14695,14670,-1,20230413,cf2309,1,4.656,0.344,5,5
42,2023/4/13 9:00,2023/4/13 9:13,14705,14685,-1,20230413,cf2309,1,3.656,0.344,5,5
43,2023/4/11 13:41,2023/4/13 9:13,14680,14685,-1,20230413,cf2309,1,-1.344,0.344,5,5
44,2023/4/12 22:13,2023/4/13 9:29,14730,14730,1,20230413,cf2309,1,-0.344,0.344,5,5
45,2023/4/13 10:34,2023/4/13 10:43,14770,14740,1,20230413,cf2309,1,-6.344,0.344,5,5
46,2023/4/13 10:43,2023/4/13 13:37,14735,14745,-1,20230413,cf2309,1,-2.344,0.344,5,5
47,2023/4/13 13:46,2023/4/13 14:00,14755,14810,-1,20230413,cf2309,1,-11.344,0.344,5,5
48,2023/4/13 13:46,2023/4/13 14:03,14755,14805,-1,20230413,cf2309,1,-10.344,0.344,5,5
49,2023/4/13 14:00,2023/4/13 14:11,14810,14815,1,20230413,cf2309,1,0.656,0.344,5,5
50,2023/4/13 14:30,2023/4/13 14:35,14810,14830,1,20230413,cf2309,1,3.656,0.344,5,5
51,2023/4/13 14:29,2023/4/13 14:35,14815,14830,1,20230413,cf2309,1,2.656,0.344,5,5
52,2023/4/7 11:18,2023/4/13 14:59,14890,14915,1,20230413,cf2309,1,4.656,0.344,5,5
53,2023/4/13 22:31,2023/4/13 22:48,14945,14960,1,20230414,cf2309,1,2.656,0.344,5,5
54,2023/4/13 22:49,2023/4/13 22:59,14960,14965,1,20230414,cf2309,1,0.656,0.344,5,5
55,2023/4/13 21:42,2023/4/14 9:00,14910,14750,-1,20230414,cf2309,1,31.656,0.344,5,5
56,2023/4/13 21:41,2023/4/14 9:00,14900,14900,-1,20230414,cf2309,1,-0.344,0.344,5,5
57,2023/4/13 13:46,2023/4/14 9:00,14755,14900,-1,20230414,cf2309,1,-29.344,0.344,5,5
58,2023/4/14 9:09,2023/4/14 9:17,14960,14980,1,20230414,cf2309,1,3.656,0.344,5,5
59,2023/4/14 9:01,2023/4/14 9:17,14965,14980,1,20230414,cf2309,1,2.656,0.344,5,5
60,2023/4/14 10:02,2023/4/14 13:54,15010,14995,1,20230414,cf2309,1,-3.344,0.344,5,5
61,2023/4/14 14:22,2023/4/14 14:23,14975,14955,-1,20230414,cf2309,1,3.656,0.344,5,5
62,2023/4/14 10:49,2023/4/14 14:59,14955,14785,-1,20230414,cf2309,1,33.656,0.344,5,5
63,2023/4/14 22:09,2023/4/14 22:22,14880,14885,-1,20230417,cf2309,1,-1.344,0.344,5,5
64,2023/4/14 22:25,2023/4/17 9:00,14875,14850,-1,20230417,cf2309,1,4.656,0.344,5,5
65,2023/4/17 9:00,2023/4/17 9:13,14895,14960,1,20230417,cf2309,1,12.656,0.344,5,5
66,2023/4/17 9:16,2023/4/17 9:39,14930,15050,1,20230417,cf2309,1,23.656,0.344,5,5
67,2023/4/17 9:14,2023/4/17 9:48,14960,15060,1,20230417,cf2309,1,19.656,0.344,5,5
68,2023/4/17 10:41,2023/4/17 10:48,15070,15085,1,20230417,cf2309,1,2.656,0.344,5,5
69,2023/4/17 10:40,2023/4/17 10:54,15085,15095,1,20230417,cf2309,1,1.656,0.344,5,5
70,2023/4/17 11:04,2023/4/17 11:17,15090,15085,1,20230417,cf2309,1,-1.344,0.344,5,5
71,2023/4/17 11:21,2023/4/17 11:24,15090,15110,-1,20230417,cf2309,1,-4.344,0.344,5,5
72,2023/4/17 11:24,2023/4/17 13:54,15110,15140,1,20230417,cf2309,1,5.656,0.344,5,5
73,2023/4/17 14:38,2023/4/17 14:44,15150,15150,1,20230417,cf2309,1,-0.344,0.344,5,5
74,2023/4/17 11:21,2023/4/17 21:00,15085,15095,-1,20230418,cf2309,1,-2.344,0.344,5,5
75,2023/4/17 21:00,2023/4/17 21:03,15115,15100,-1,20230418,cf2309,1,2.656,0.344,5,5
76,2023/4/17 21:08,2023/4/17 21:17,15110,15110,-1,20230418,cf2309,1,-0.344,0.344,5,5
77,2023/4/18 9:09,2023/4/18 9:14,15120,15115,-1,20230418,cf2309,1,0.656,0.344,5,5
78,2023/4/18 9:09,2023/4/18 9:17,15120,15110,-1,20230418,cf2309,1,1.656,0.344,5,5
79,2023/4/18 9:18,2023/4/18 9:22,15110,15090,1,20230418,cf2309,1,-4.344,0.344,5,5
80,2023/4/18 9:18,2023/4/18 9:53,15115,15105,1,20230418,cf2309,1,-2.344,0.344,5,5
81,2023/4/18 10:13,2023/4/18 10:31,15090,15085,-1,20230418,cf2309,1,0.656,0.344,5,5
82,2023/4/17 10:08,2023/4/18 10:35,15025,15050,-1,20230418,cf2309,1,-5.344,0.344,5,5
83,2023/4/18 10:35,2023/4/18 10:52,15060,15060,-1,20230418,cf2309,1,-0.344,0.344,5,5
84,2023/4/17 14:38,2023/4/18 14:56,15150,15160,1,20230418,cf2309,1,1.656,0.344,5,5
85,2023/4/18 14:57,2023/4/18 21:24,15155,15135,1,20230419,cf2309,1,-4.344,0.344,5,5
86,2023/4/18 21:16,2023/4/18 21:32,15110,15120,-1,20230419,cf2309,1,-2.344,0.344,5,5
87,2023/4/18 22:18,2023/4/18 22:21,15170,15195,1,20230419,cf2309,1,4.656,0.344,5,5
88,2023/4/18 21:55,2023/4/19 9:00,15150,15205,1,20230419,cf2309,1,10.656,0.344,5,5
89,2023/4/19 9:01,2023/4/19 9:13,15195,15160,1,20230419,cf2309,1,-7.344,0.344,5,5
90,2023/4/19 9:00,2023/4/19 9:19,15210,15165,1,20230419,cf2309,1,-9.344,0.344,5,5
91,2023/4/19 9:16,2023/4/19 9:22,15160,15165,-1,20230419,cf2309,1,-1.344,0.344,5,5
92,2023/4/19 9:09,2023/4/19 9:33,15150,15160,-1,20230419,cf2309,1,-2.344,0.344,5,5
93,2023/4/19 10:33,2023/4/19 10:36,15160,15160,-1,20230419,cf2309,1,-0.344,0.344,5,5
94,2023/4/19 10:33,2023/4/19 10:37,15160,15155,-1,20230419,cf2309,1,0.656,0.344,5,5
95,2023/4/19 10:39,2023/4/19 11:19,15150,15130,-1,20230419,cf2309,1,3.656,0.344,5,5
96,2023/4/19 13:33,2023/4/19 13:45,15150,15160,1,20230419,cf2309,1,1.656,0.344,5,5
97,2023/4/19 11:19,2023/4/19 14:09,15130,15135,-1,20230419,cf2309,1,-1.344,0.344,5,5
98,2023/4/19 13:48,2023/4/19 14:55,15165,15160,1,20230419,cf2309,1,-1.344,0.344,5,5
99,2023/4/19 14:20,2023/4/19 14:59,15130,15115,-1,20230419,cf2309,1,2.656,0.344,5,5
100,2023/4/19 14:10,2023/4/19 14:59,15135,15110,-1,20230419,cf2309,1,4.656,0.344,5,5
101,2023/4/19 21:00,2023/4/19 21:10,15150,15135,1,20230420,cf2309,1,-3.344,0.344,5,5
102,2023/4/19 21:00,2023/4/19 21:31,15155,15130,1,20230420,cf2309,1,-5.344,0.344,5,5
103,2023/4/19 21:10,2023/4/19 21:39,15135,15115,-1,20230420,cf2309,1,3.656,0.344,5,5
104,2023/4/19 21:00,2023/4/19 21:44,15160,15145,1,20230420,cf2309,1,-3.344,0.344,5,5
105,2023/4/19 21:46,2023/4/19 22:06,15145,15155,1,20230420,cf2309,1,1.656,0.344,5,5
106,2023/4/19 22:52,2023/4/20 9:15,15170,15125,-1,20230420,cf2309,1,8.656,0.344,5,5
107,2023/4/19 22:52,2023/4/20 9:15,15170,15125,-1,20230420,cf2309,1,8.656,0.344,5,5
108,2023/4/20 9:36,2023/4/20 9:37,15140,15125,-1,20230420,cf2309,1,2.656,0.344,5,5
109,2023/4/20 9:48,2023/4/20 10:04,15150,15165,1,20230420,cf2309,1,2.656,0.344,5,5
110,2023/4/20 10:05,2023/4/20 10:43,15165,15145,1,20230420,cf2309,1,-4.344,0.344,5,5
111,2023/4/20 9:28,2023/4/20 11:01,15115,15120,-1,20230420,cf2309,1,-1.344,0.344,5,5
112,2023/4/20 11:01,2023/4/20 13:30,15125,15135,-1,20230420,cf2309,1,-2.344,0.344,5,5
113,2023/4/20 11:22,2023/4/20 13:35,15150,15150,1,20230420,cf2309,1,-0.344,0.344,5,5
114,2023/4/20 13:42,2023/4/20 13:45,15140,15155,1,20230420,cf2309,1,2.656,0.344,5,5
115,2023/4/20 13:36,2023/4/20 13:48,15155,15165,1,20230420,cf2309,1,1.656,0.344,5,5
116,2023/4/20 13:49,2023/4/20 14:26,15165,15175,1,20230420,cf2309,1,1.656,0.344,5,5
117,2023/4/20 21:06,2023/4/20 21:09,15085,15030,-1,20230421,cf2309,1,10.656,0.344,5,5
118,2023/4/20 21:00,2023/4/20 21:13,14970,15035,-1,20230421,cf2309,1,-13.344,0.344,5,5
119,2023/4/20 22:11,2023/4/20 22:17,15030,15025,-1,20230421,cf2309,1,0.656,0.344,5,5
120,2023/4/20 22:11,2023/4/20 22:22,15030,15020,-1,20230421,cf2309,1,1.656,0.344,5,5
121,2023/4/20 22:22,2023/4/21 9:36,15015,14920,-1,20230421,cf2309,1,18.656,0.344,5,5
122,2023/4/21 9:26,2023/4/21 9:42,14940,14945,1,20230421,cf2309,1,0.656,0.344,5,5
123,2023/4/21 9:51,2023/4/21 9:57,14930,14935,1,20230421,cf2309,1,0.656,0.344,5,5
124,2023/4/21 9:51,2023/4/21 10:09,14930,14940,1,20230421,cf2309,1,1.656,0.344,5,5
125,2023/4/21 9:51,2023/4/21 10:10,14930,14945,1,20230421,cf2309,1,2.656,0.344,5,5
126,2023/4/21 10:03,2023/4/21 10:31,14915,14925,-1,20230421,cf2309,1,-2.344,0.344,5,5
127,2023/4/21 11:13,2023/4/21 11:20,14920,14920,-1,20230421,cf2309,1,-0.344,0.344,5,5
128,2023/4/21 11:11,2023/4/21 11:22,14910,14910,-1,20230421,cf2309,1,-0.344,0.344,5,5
129,2023/4/21 13:33,2023/4/21 13:57,14890,14880,-1,20230421,cf2309,1,1.656,0.344,5,5
130,2023/4/21 11:25,2023/4/21 13:57,14880,14875,-1,20230421,cf2309,1,0.656,0.344,5,5
131,2023/4/21 14:11,2023/4/21 14:28,14855,14855,-1,20230421,cf2309,1,-0.344,0.344,5,5
132,2023/4/21 14:39,2023/4/21 21:03,14815,14835,-1,20230424,cf2309,1,-4.344,0.344,5,5
133,2023/4/21 14:29,2023/4/21 21:04,14835,14830,-1,20230424,cf2309,1,0.656,0.344,5,5
134,2023/4/21 21:02,2023/4/21 21:11,14840,14850,1,20230424,cf2309,1,1.656,0.344,5,5
135,2023/4/21 21:01,2023/4/21 21:11,14855,14850,1,20230424,cf2309,1,-1.344,0.344,5,5
136,2023/4/21 21:00,2023/4/21 21:11,14875,14855,1,20230424,cf2309,1,-4.344,0.344,5,5
137,2023/4/21 21:25,2023/4/21 21:36,14885,14890,1,20230424,cf2309,1,0.656,0.344,5,5
138,2023/4/21 22:04,2023/4/21 22:08,14860,14845,-1,20230424,cf2309,1,2.656,0.344,5,5
139,2023/4/21 22:04,2023/4/21 22:08,14860,14845,-1,20230424,cf2309,1,2.656,0.344,5,5
140,2023/4/21 22:04,2023/4/21 22:09,14860,14840,-1,20230424,cf2309,1,3.656,0.344,5,5
141,2023/4/21 22:16,2023/4/21 22:28,14860,14845,-1,20230424,cf2309,1,2.656,0.344,5,5
142,2023/4/21 22:32,2023/4/24 9:00,14830,14765,-1,20230424,cf2309,1,12.656,0.344,5,5
143,2023/4/24 9:11,2023/4/24 9:19,14825,14825,1,20230424,cf2309,1,-0.344,0.344,5,5
144,2023/4/24 9:10,2023/4/24 9:20,14840,14835,1,20230424,cf2309,1,-1.344,0.344,5,5
145,2023/4/24 9:23,2023/4/24 9:29,14850,14875,1,20230424,cf2309,1,4.656,0.344,5,5
146,2023/4/21 21:42,2023/4/24 10:05,14870,14880,1,20230424,cf2309,1,1.656,0.344,5,5
147,2023/4/24 11:21,2023/4/24 11:29,14895,14890,-1,20230424,cf2309,1,0.656,0.344,5,5
148,2023/4/24 11:20,2023/4/24 11:29,14885,14890,-1,20230424,cf2309,1,-1.344,0.344,5,5
149,2023/4/24 14:05,2023/4/24 14:19,14900,14915,1,20230424,cf2309,1,2.656,0.344,5,5
150,2023/4/24 14:03,2023/4/24 21:00,14910,14920,1,20230425,cf2309,1,1.656,0.344,5,5
151,2023/4/24 21:04,2023/4/24 21:24,14925,15110,1,20230425,cf2309,1,36.656,0.344,5,5
152,2023/4/24 21:40,2023/4/24 21:50,15230,15235,1,20230425,cf2309,1,0.656,0.344,5,5
153,2023/4/24 22:06,2023/4/24 22:34,15285,15300,1,20230425,cf2309,1,2.656,0.344,5,5
154,2023/4/24 22:54,2023/4/25 9:00,15275,14860,-1,20230425,cf2309,1,82.656,0.344,5,5
155,2023/4/25 9:00,2023/4/25 9:01,15280,15265,-1,20230425,cf2309,1,2.656,0.344,5,5
156,2023/4/24 13:30,2023/4/25 9:01,14865,15260,-1,20230425,cf2309,1,-79.344,0.344,5,5
157,2023/4/25 9:01,2023/4/25 9:15,15255,15250,-1,20230425,cf2309,1,0.656,0.344,5,5
158,2023/4/25 9:20,2023/4/25 10:35,15225,15195,-1,20230425,cf2309,1,5.656,0.344,5,5
159,2023/4/25 10:39,2023/4/25 10:42,15220,15200,-1,20230425,cf2309,1,3.656,0.344,5,5
160,2023/4/25 10:35,2023/4/25 10:42,15200,15195,-1,20230425,cf2309,1,0.656,0.344,5,5
161,2023/4/25 10:50,2023/4/25 11:03,15200,15185,-1,20230425,cf2309,1,2.656,0.344,5,5
162,2023/4/25 13:36,2023/4/25 14:15,15165,15235,-1,20230425,cf2309,1,-14.344,0.344,5,5
163,2023/4/25 14:57,2023/4/25 21:00,15210,15065,-1,20230426,cf2309,1,28.656,0.344,5,5
164,2023/4/25 21:03,2023/4/25 21:28,15130,15150,-1,20230426,cf2309,1,-4.344,0.344,5,5
165,2023/4/25 21:44,2023/4/25 21:59,15120,15090,-1,20230426,cf2309,1,5.656,0.344,5,5
166,2023/4/25 21:43,2023/4/25 21:59,15095,15085,-1,20230426,cf2309,1,1.656,0.344,5,5
167,2023/4/25 22:41,2023/4/25 22:50,15150,15145,-1,20230426,cf2309,1,0.656,0.344,5,5
168,2023/4/25 22:41,2023/4/25 22:50,15150,15145,-1,20230426,cf2309,1,0.656,0.344,5,5
169,2023/4/25 22:41,2023/4/25 22:51,15150,15135,-1,20230426,cf2309,1,2.656,0.344,5,5
170,2023/4/25 22:15,2023/4/26 9:00,15180,15210,1,20230426,cf2309,1,5.656,0.344,5,5
171,2023/4/25 22:15,2023/4/26 9:00,15190,15215,1,20230426,cf2309,1,4.656,0.344,5,5
172,2023/4/26 9:02,2023/4/26 9:12,15170,15200,1,20230426,cf2309,1,5.656,0.344,5,5
173,2023/4/26 9:01,2023/4/26 9:12,15200,15205,1,20230426,cf2309,1,0.656,0.344,5,5
174,2023/4/26 9:23,2023/4/26 10:08,15215,15365,1,20230426,cf2309,1,29.656,0.344,5,5
175,2023/4/26 10:38,2023/4/26 11:11,15335,15350,-1,20230426,cf2309,1,-3.344,0.344,5,5
176,2023/4/26 10:38,2023/4/26 13:31,15330,15325,-1,20230426,cf2309,1,0.656,0.344,5,5
177,2023/4/26 13:35,2023/4/26 13:43,15340,15330,-1,20230426,cf2309,1,1.656,0.344,5,5
178,2023/4/26 11:09,2023/4/26 14:02,15365,15365,1,20230426,cf2309,1,-0.344,0.344,5,5
179,2023/4/26 14:02,2023/4/26 14:22,15360,15295,1,20230426,cf2309,1,-13.344,0.344,5,5
180,2023/4/26 14:22,2023/4/26 21:00,15295,15280,-1,20230427,cf2309,1,2.656,0.344,5,5
181,2023/4/26 21:02,2023/4/26 21:08,15305,15280,-1,20230427,cf2309,1,4.656,0.344,5,5
182,2023/4/26 21:08,2023/4/26 21:23,15280,15290,-1,20230427,cf2309,1,-2.344,0.344,5,5
183,2023/4/26 21:34,2023/4/26 21:43,15265,15255,-1,20230427,cf2309,1,1.656,0.344,5,5
184,2023/4/26 21:48,2023/4/26 21:54,15280,15265,-1,20230427,cf2309,1,2.656,0.344,5,5
185,2023/4/26 21:43,2023/4/26 21:58,15260,15265,-1,20230427,cf2309,1,-1.344,0.344,5,5
186,2023/4/26 22:12,2023/4/26 22:20,15240,15235,-1,20230427,cf2309,1,0.656,0.344,5,5
187,2023/4/26 22:01,2023/4/26 22:23,15245,15230,-1,20230427,cf2309,1,2.656,0.344,5,5
188,2023/4/26 22:34,2023/4/26 22:45,15275,15295,1,20230427,cf2309,1,3.656,0.344,5,5
189,2023/4/27 9:07,2023/4/27 9:11,15265,15245,-1,20230427,cf2309,1,3.656,0.344,5,5
190,2023/4/27 9:47,2023/4/27 9:51,15250,15240,-1,20230427,cf2309,1,1.656,0.344,5,5
191,2023/4/27 9:47,2023/4/27 9:51,15250,15240,-1,20230427,cf2309,1,1.656,0.344,5,5
192,2023/4/27 9:41,2023/4/27 9:54,15240,15230,-1,20230427,cf2309,1,1.656,0.344,5,5
193,2023/4/27 13:36,2023/4/27 13:45,15310,15315,1,20230427,cf2309,1,0.656,0.344,5,5
194,2023/4/27 14:15,2023/4/27 14:24,15300,15300,-1,20230427,cf2309,1,-0.344,0.344,5,5
195,2023/4/27 10:00,2023/4/27 14:57,15230,15225,-1,20230427,cf2309,1,0.656,0.344,5,5
196,2023/4/26 11:08,2023/4/27 21:03,15380,15370,1,20230428,cf2309,1,-2.344,0.344,5,5
197,2023/4/27 21:00,2023/4/27 21:08,15290,15355,-1,20230428,cf2309,1,-13.344,0.344,5,5
198,2023/4/27 21:08,2023/4/27 21:28,15345,15330,1,20230428,cf2309,1,-3.344,0.344,5,5
199,2023/4/27 21:08,2023/4/27 21:30,15355,15350,1,20230428,cf2309,1,-1.344,0.344,5,5
200,2023/4/27 22:39,2023/4/27 22:47,15290,15290,-1,20230428,cf2309,1,-0.344,0.344,5,5
201,2023/4/27 22:29,2023/4/28 9:00,15300,15280,-1,20230428,cf2309,1,3.656,0.344,5,5
202,2023/4/28 9:00,2023/4/28 9:34,15335,15360,1,20230428,cf2309,1,4.656,0.344,5,5
203,2023/4/28 10:39,2023/4/28 10:52,15355,15385,1,20230428,cf2309,1,5.656,0.344,5,5
204,2023/4/28 11:01,2023/4/28 11:16,15400,15390,1,20230428,cf2309,1,-2.344,0.344,5,5
205,2023/4/28 10:52,2023/4/28 11:17,15385,15395,1,20230428,cf2309,1,1.656,0.344,5,5
206,2023/4/28 13:35,2023/4/28 14:13,15425,15410,1,20230428,cf2309,1,-3.344,0.344,5,5
207,2023/4/28 14:00,2023/4/28 14:47,15380,15455,-1,20230428,cf2309,1,-15.344,0.344,5,5
208,2023/4/28 14:21,2023/4/28 14:50,15415,15495,1,20230428,cf2309,1,15.656,0.344,5,5
209,2023/4/28 14:21,2023/5/4 9:08,15420,15505,1,20230504,cf2309,1,16.656,0.344,5,5
210,2023/5/4 9:00,2023/5/4 9:17,15440,15585,-1,20230504,cf2309,1,-29.344,0.344,5,5
211,2023/5/4 9:00,2023/5/4 9:19,15370,15540,-1,20230504,cf2309,1,-34.344,0.344,5,5
212,2023/5/4 9:09,2023/5/4 9:28,15520,15550,1,20230504,cf2309,1,5.656,0.344,5,5
213,2023/5/4 9:50,2023/5/4 10:05,15625,15675,1,20230504,cf2309,1,9.656,0.344,5,5
214,2023/5/4 9:46,2023/5/4 10:07,15645,15685,1,20230504,cf2309,1,7.656,0.344,5,5
215,2023/5/4 10:43,2023/5/4 10:55,15720,15730,1,20230504,cf2309,1,1.656,0.344,5,5
216,2023/5/4 10:07,2023/5/4 10:56,15690,15735,1,20230504,cf2309,1,8.656,0.344,5,5
217,2023/5/4 11:19,2023/5/4 13:39,15695,15680,-1,20230504,cf2309,1,2.656,0.344,5,5
218,2023/5/4 14:25,2023/5/4 14:28,15670,15660,-1,20230504,cf2309,1,1.656,0.344,5,5
219,2023/5/4 14:23,2023/5/4 14:29,15670,15655,-1,20230504,cf2309,1,2.656,0.344,5,5
220,2023/5/4 13:52,2023/5/4 14:58,15710,15715,1,20230504,cf2309,1,0.656,0.344,5,5
221,2023/5/4 14:43,2023/5/4 21:11,15670,15820,-1,20230505,cf2309,1,-30.344,0.344,5,5
222,2023/5/4 14:58,2023/5/4 21:21,15710,15835,1,20230505,cf2309,1,24.656,0.344,5,5
223,2023/5/4 21:43,2023/5/4 22:12,15790,15790,-1,20230505,cf2309,1,-0.344,0.344,5,5
224,2023/5/4 22:16,2023/5/4 22:28,15780,15775,-1,20230505,cf2309,1,0.656,0.344,5,5
225,2023/5/4 22:54,2023/5/5 9:00,15800,15815,1,20230505,cf2309,1,2.656,0.344,5,5
226,2023/5/5 9:01,2023/5/5 9:22,15825,15875,1,20230505,cf2309,1,9.656,0.344,5,5
227,2023/5/5 9:31,2023/5/5 9:43,15900,15855,1,20230505,cf2309,1,-9.344,0.344,5,5
228,2023/5/5 9:41,2023/5/5 9:51,15825,15820,-1,20230505,cf2309,1,0.656,0.344,5,5
229,2023/5/5 9:56,2023/5/5 10:04,15830,15830,-1,20230505,cf2309,1,-0.344,0.344,5,5
230,2023/5/5 9:52,2023/5/5 10:04,15810,15825,-1,20230505,cf2309,1,-3.344,0.344,5,5
231,2023/5/5 9:26,2023/5/5 10:12,15895,15860,1,20230505,cf2309,1,-7.344,0.344,5,5
232,2023/5/5 11:11,2023/5/5 13:30,15865,15875,1,20230505,cf2309,1,1.656,0.344,5,5
233,2023/5/5 13:39,2023/5/5 13:48,15880,15890,1,20230505,cf2309,1,1.656,0.344,5,5
234,2023/5/5 13:31,2023/5/5 13:48,15885,15890,1,20230505,cf2309,1,0.656,0.344,5,5
235,2023/5/5 14:22,2023/5/5 14:27,15920,15940,1,20230505,cf2309,1,3.656,0.344,5,5
236,2023/5/5 14:47,2023/5/5 14:51,15940,15965,1,20230505,cf2309,1,4.656,0.344,5,5
237,2023/5/5 14:46,2023/5/5 14:51,15945,15965,1,20230505,cf2309,1,3.656,0.344,5,5
238,2023/5/5 14:46,2023/5/5 14:51,15945,15970,1,20230505,cf2309,1,4.656,0.344,5,5
239,2023/5/5 21:06,2023/5/5 21:15,15990,15940,1,20230508,cf2309,1,-10.344,0.344,5,5
240,2023/5/5 22:37,2023/5/8 9:00,15925,15920,1,20230508,cf2309,1,-1.344,0.344,5,5
241,2023/5/5 21:15,2023/5/8 9:06,15940,15835,-1,20230508,cf2309,1,20.656,0.344,5,5
242,2023/5/8 9:05,2023/5/8 9:08,15900,15870,1,20230508,cf2309,1,-6.344,0.344,5,5
243,2023/5/8 9:02,2023/5/8 9:11,15940,15880,1,20230508,cf2309,1,-12.344,0.344,5,5
244,2023/5/8 9:08,2023/5/8 9:16,15870,15835,-1,20230508,cf2309,1,6.656,0.344,5,5
245,2023/5/8 9:17,2023/5/8 9:33,15830,15800,-1,20230508,cf2309,1,5.656,0.344,5,5
246,2023/5/8 9:52,2023/5/8 10:45,15790,15830,-1,20230508,cf2309,1,-8.344,0.344,5,5
247,2023/5/8 10:59,2023/5/8 13:35,15820,15815,-1,20230508,cf2309,1,0.656,0.344,5,5
248,2023/5/8 9:00,2023/5/8 13:48,15985,15890,1,20230508,cf2309,1,-19.344,0.344,5,5
249,2023/5/8 9:46,2023/5/8 14:59,15780,15660,-1,20230508,cf2309,1,23.656,0.344,5,5
250,2023/5/4 14:37,2023/5/8 14:59,15645,15790,-1,20230508,cf2309,1,-29.344,0.344,5,5
251,2023/5/8 21:10,2023/5/8 21:17,15930,15940,1,20230509,cf2309,1,1.656,0.344,5,5
252,2023/5/8 21:00,2023/5/8 21:25,15905,15915,-1,20230509,cf2309,1,-2.344,0.344,5,5
253,2023/5/8 21:00,2023/5/8 21:25,15895,15915,-1,20230509,cf2309,1,-4.344,0.344,5,5
254,2023/5/8 21:47,2023/5/8 22:12,15870,15840,-1,20230509,cf2309,1,5.656,0.344,5,5
255,2023/5/8 22:38,2023/5/8 22:47,15810,15805,-1,20230509,cf2309,1,0.656,0.344,5,5
256,2023/5/9 9:03,2023/5/9 9:15,15820,15835,-1,20230509,cf2309,1,-3.344,0.344,5,5
257,2023/5/9 9:01,2023/5/9 9:19,15795,15820,-1,20230509,cf2309,1,-5.344,0.344,5,5
258,2023/5/9 9:15,2023/5/9 9:30,15835,15815,1,20230509,cf2309,1,-4.344,0.344,5,5
259,2023/5/9 9:14,2023/5/9 9:30,15845,15820,1,20230509,cf2309,1,-5.344,0.344,5,5
260,2023/5/9 9:45,2023/5/9 9:54,15770,15755,-1,20230509,cf2309,1,2.656,0.344,5,5
261,2023/5/9 9:54,2023/5/9 10:03,15755,15750,-1,20230509,cf2309,1,0.656,0.344,5,5
262,2023/5/9 10:11,2023/5/9 10:33,15780,15800,-1,20230509,cf2309,1,-4.344,0.344,5,5
263,2023/5/9 10:04,2023/5/9 10:36,15765,15790,-1,20230509,cf2309,1,-5.344,0.344,5,5
264,2023/5/9 10:04,2023/5/9 11:26,15755,15785,-1,20230509,cf2309,1,-6.344,0.344,5,5
265,2023/5/9 11:26,2023/5/9 13:51,15790,15695,-1,20230509,cf2309,1,18.656,0.344,5,5
266,2023/5/9 13:55,2023/5/9 14:05,15695,15665,-1,20230509,cf2309,1,5.656,0.344,5,5
267,2023/5/9 14:50,2023/5/9 21:05,15575,15595,-1,20230510,cf2309,1,-4.344,0.344,5,5
268,2023/5/9 14:42,2023/5/9 21:06,15575,15580,-1,20230510,cf2309,1,-1.344,0.344,5,5
269,2023/5/9 21:30,2023/5/9 21:33,15640,15655,1,20230510,cf2309,1,2.656,0.344,5,5
270,2023/5/9 22:39,2023/5/10 9:00,15675,15665,-1,20230510,cf2309,1,1.656,0.344,5,5
271,2023/5/9 22:38,2023/5/10 9:00,15670,15685,-1,20230510,cf2309,1,-3.344,0.344,5,5
272,2023/5/10 9:19,2023/5/10 9:25,15750,15775,1,20230510,cf2309,1,4.656,0.344,5,5
273,2023/5/10 9:56,2023/5/10 10:00,15770,15785,1,20230510,cf2309,1,2.656,0.344,5,5
274,2023/5/10 9:53,2023/5/10 10:00,15780,15785,1,20230510,cf2309,1,0.656,0.344,5,5
275,2023/5/9 10:32,2023/5/10 10:07,15805,15815,1,20230510,cf2309,1,1.656,0.344,5,5
276,2023/5/10 10:30,2023/5/10 10:42,15800,15760,1,20230510,cf2309,1,-8.344,0.344,5,5
277,2023/5/10 10:10,2023/5/10 10:43,15800,15770,1,20230510,cf2309,1,-6.344,0.344,5,5
278,2023/5/10 10:43,2023/5/10 11:02,15770,15695,-1,20230510,cf2309,1,14.656,0.344,5,5
279,2023/5/10 10:42,2023/5/10 11:04,15755,15685,-1,20230510,cf2309,1,13.656,0.344,5,5
280,2023/5/10 10:07,2023/5/10 13:59,15810,15710,1,20230510,cf2309,1,-20.344,0.344,5,5
281,2023/5/10 13:59,2023/5/10 14:46,15710,15690,1,20230510,cf2309,1,-4.344,0.344,5,5
282,2023/5/10 14:34,2023/5/10 14:59,15650,15660,-1,20230510,cf2309,1,-2.344,0.344,5,5
283,2023/5/10 14:24,2023/5/10 14:59,15660,15660,-1,20230510,cf2309,1,-0.344,0.344,5,5
284,2023/5/10 21:01,2023/5/10 21:26,15695,15660,1,20230511,cf2309,1,-7.344,0.344,5,5
285,2023/5/10 21:00,2023/5/10 21:26,15720,15660,1,20230511,cf2309,1,-12.344,0.344,5,5
286,2023/5/10 21:27,2023/5/10 21:31,15670,15645,-1,20230511,cf2309,1,4.656,0.344,5,5
287,2023/5/10 21:16,2023/5/10 21:34,15650,15635,-1,20230511,cf2309,1,2.656,0.344,5,5
288,2023/5/10 21:50,2023/5/10 21:59,15640,15635,-1,20230511,cf2309,1,0.656,0.344,5,5
289,2023/5/10 21:36,2023/5/10 21:59,15630,15635,-1,20230511,cf2309,1,-1.344,0.344,5,5
290,2023/5/10 22:11,2023/5/10 22:30,15640,15600,1,20230511,cf2309,1,-8.344,0.344,5,5
291,2023/5/10 22:11,2023/5/10 22:51,15640,15620,1,20230511,cf2309,1,-4.344,0.344,5,5
292,2023/5/10 22:18,2023/5/11 9:00,15610,15570,-1,20230511,cf2309,1,7.656,0.344,5,5
293,2023/5/10 22:53,2023/5/11 9:18,15635,15650,1,20230511,cf2309,1,2.656,0.344,5,5
294,2023/5/11 10:54,2023/5/11 11:05,15650,15660,1,20230511,cf2309,1,1.656,0.344,5,5
295,2023/5/11 9:31,2023/5/11 11:07,15660,15680,1,20230511,cf2309,1,3.656,0.344,5,5
296,2023/5/11 11:20,2023/5/11 13:43,15680,15665,1,20230511,cf2309,1,-3.344,0.344,5,5
297,2023/5/11 10:00,2023/5/11 14:35,15640,15610,-1,20230511,cf2309,1,5.656,0.344,5,5
298,2023/5/11 14:36,2023/5/11 21:00,15615,15600,-1,20230512,cf2309,1,2.656,0.344,5,5
299,2023/5/11 21:18,2023/5/11 21:21,15500,15475,-1,20230512,cf2309,1,4.656,0.344,5,5
300,2023/5/11 21:13,2023/5/11 21:25,15490,15470,-1,20230512,cf2309,1,3.656,0.344,5,5
301,2023/5/11 21:00,2023/5/11 21:25,15545,15470,-1,20230512,cf2309,1,14.656,0.344,5,5
302,2023/5/11 22:54,2023/5/12 9:00,15530,15455,1,20230512,cf2309,1,-15.344,0.344,5,5
303,2023/5/12 9:00,2023/5/12 9:29,15455,15455,-1,20230512,cf2309,1,-0.344,0.344,5,5
304,2023/5/12 9:50,2023/5/12 10:14,15490,15485,1,20230512,cf2309,1,-1.344,0.344,5,5
305,2023/5/12 10:14,2023/5/12 10:33,15480,15470,-1,20230512,cf2309,1,1.656,0.344,5,5
306,2023/5/12 10:14,2023/5/12 10:35,15480,15465,-1,20230512,cf2309,1,2.656,0.344,5,5
307,2023/5/12 10:14,2023/5/12 10:37,15480,15460,-1,20230512,cf2309,1,3.656,0.344,5,5
308,2023/5/12 10:47,2023/5/12 10:57,15480,15480,1,20230512,cf2309,1,-0.344,0.344,5,5
309,2023/5/12 11:10,2023/5/12 11:18,15470,15475,-1,20230512,cf2309,1,-1.344,0.344,5,5
310,2023/5/12 11:09,2023/5/12 11:18,15470,15475,-1,20230512,cf2309,1,-1.344,0.344,5,5
311,2023/5/12 11:09,2023/5/12 11:18,15465,15475,-1,20230512,cf2309,1,-2.344,0.344,5,5
312,2023/5/12 11:25,2023/5/12 14:03,15455,15445,-1,20230512,cf2309,1,1.656,0.344,5,5
313,2023/5/12 14:07,2023/5/12 14:20,15460,15445,-1,20230512,cf2309,1,2.656,0.344,5,5
314,2023/5/12 14:05,2023/5/12 14:20,15445,15445,-1,20230512,cf2309,1,-0.344,0.344,5,5
315,2023/5/12 21:48,2023/5/12 21:57,15550,15545,1,20230515,cf2309,1,-1.344,0.344,5,5
316,2023/5/12 22:09,2023/5/12 22:18,15530,15520,-1,20230515,cf2309,1,1.656,0.344,5,5
317,2023/5/12 22:07,2023/5/12 22:18,15520,15520,-1,20230515,cf2309,1,-0.344,0.344,5,5
318,2023/5/11 13:52,2023/5/15 9:00,15685,15705,1,20230515,cf2309,1,3.656,0.344,5,5
319,2023/5/11 13:50,2023/5/15 9:00,15705,15705,1,20230515,cf2309,1,-0.344,0.344,5,5
320,2023/5/15 9:00,2023/5/15 9:06,15460,15540,-1,20230515,cf2309,1,-16.344,0.344,5,5
321,2023/5/15 9:00,2023/5/15 9:08,15450,15520,-1,20230515,cf2309,1,-14.344,0.344,5,5
322,2023/5/15 9:09,2023/5/15 9:17,15510,15510,1,20230515,cf2309,1,-0.344,0.344,5,5
323,2023/5/15 9:09,2023/5/15 9:18,15515,15515,1,20230515,cf2309,1,-0.344,0.344,5,5
324,2023/5/15 9:06,2023/5/15 9:19,15540,15525,1,20230515,cf2309,1,-3.344,0.344,5,5
325,2023/5/15 9:23,2023/5/15 10:01,15565,15570,1,20230515,cf2309,1,0.656,0.344,5,5
326,2023/5/15 10:00,2023/5/15 10:43,15550,15660,-1,20230515,cf2309,1,-22.344,0.344,5,5
327,2023/5/15 13:54,2023/5/15 14:12,15770,15750,1,20230515,cf2309,1,-4.344,0.344,5,5
328,2023/5/15 14:55,2023/5/15 21:20,15740,15870,1,20230516,cf2309,1,25.656,0.344,5,5
329,2023/5/15 14:49,2023/5/15 21:22,15755,15880,1,20230516,cf2309,1,24.656,0.344,5,5
330,2023/5/15 10:00,2023/5/16 9:00,15545,15540,-1,20230516,cf2309,1,0.656,0.344,5,5
331,2023/5/15 10:00,2023/5/16 9:00,15545,15540,-1,20230516,cf2309,1,0.656,0.344,5,5
332,2023/5/16 9:05,2023/5/16 9:18,15800,15775,-1,20230516,cf2309,1,4.656,0.344,5,5
333,2023/5/16 9:28,2023/5/16 9:34,15790,15775,-1,20230516,cf2309,1,2.656,0.344,5,5
334,2023/5/16 9:19,2023/5/16 10:01,15770,15765,-1,20230516,cf2309,1,0.656,0.344,5,5
335,2023/5/16 9:47,2023/5/16 10:09,15800,15795,1,20230516,cf2309,1,-1.344,0.344,5,5
336,2023/5/16 11:05,2023/5/16 11:08,15795,15790,-1,20230516,cf2309,1,0.656,0.344,5,5
337,2023/5/16 11:15,2023/5/16 13:30,15790,15795,-1,20230516,cf2309,1,-1.344,0.344,5,5
338,2023/5/16 11:15,2023/5/16 13:30,15780,15795,-1,20230516,cf2309,1,-3.344,0.344,5,5
339,2023/5/16 13:41,2023/5/16 13:55,15725,15710,-1,20230516,cf2309,1,2.656,0.344,5,5
340,2023/5/16 14:43,2023/5/16 14:59,15705,15855,1,20230516,cf2309,1,29.656,0.344,5,5
341,2023/5/15 22:28,2023/5/16 21:10,15820,15745,1,20230517,cf2309,1,-15.344,0.344,5,5
342,2023/5/16 21:48,2023/5/16 21:56,15750,15760,1,20230517,cf2309,1,1.656,0.344,5,5
343,2023/5/16 21:38,2023/5/16 21:57,15750,15765,1,20230517,cf2309,1,2.656,0.344,5,5
344,2023/5/16 22:00,2023/5/16 22:22,15775,15780,1,20230517,cf2309,1,0.656,0.344,5,5
345,2023/5/16 14:10,2023/5/17 9:00,15690,15670,-1,20230517,cf2309,1,3.656,0.344,5,5
346,2023/5/16 14:02,2023/5/17 9:00,15685,15675,-1,20230517,cf2309,1,1.656,0.344,5,5
347,2023/5/17 9:19,2023/5/17 9:44,15775,15820,-1,20230517,cf2309,1,-9.344,0.344,5,5
348,2023/5/17 9:35,2023/5/17 9:55,15840,15840,1,20230517,cf2309,1,-0.344,0.344,5,5
349,2023/5/17 9:30,2023/5/17 9:55,15830,15840,1,20230517,cf2309,1,1.656,0.344,5,5
350,2023/5/17 10:31,2023/5/17 10:42,15840,15835,1,20230517,cf2309,1,-1.344,0.344,5,5
351,2023/5/17 10:47,2023/5/17 10:56,15815,15820,-1,20230517,cf2309,1,-1.344,0.344,5,5
352,2023/5/17 11:14,2023/5/17 13:30,15740,15715,-1,20230517,cf2309,1,4.656,0.344,5,5
353,2023/5/17 14:44,2023/5/17 14:50,15730,15715,1,20230517,cf2309,1,-3.344,0.344,5,5
354,2023/5/17 14:50,2023/5/17 14:56,15715,15710,-1,20230517,cf2309,1,0.656,0.344,5,5
355,2023/5/17 14:44,2023/5/17 14:59,15730,15845,1,20230517,cf2309,1,22.656,0.344,5,5
356,2023/5/17 10:31,2023/5/17 14:59,15850,15730,1,20230517,cf2309,1,-24.344,0.344,5,5
357,2023/5/17 21:00,2023/5/17 21:06,15780,15770,-1,20230518,cf2309,1,1.656,0.344,5,5
358,2023/5/17 14:57,2023/5/17 21:26,15705,15780,-1,20230518,cf2309,1,-15.344,0.344,5,5
359,2023/5/17 21:06,2023/5/18 9:00,15770,15815,1,20230518,cf2309,1,8.656,0.344,5,5
360,2023/5/18 10:11,2023/5/18 10:30,15790,15810,1,20230518,cf2309,1,3.656,0.344,5,5
361,2023/5/18 10:30,2023/5/18 10:42,15805,15800,1,20230518,cf2309,1,-1.344,0.344,5,5
362,2023/5/18 9:00,2023/5/18 10:42,15885,15800,1,20230518,cf2309,1,-17.344,0.344,5,5
363,2023/5/18 11:25,2023/5/18 13:30,15800,15795,-1,20230518,cf2309,1,0.656,0.344,5,5
364,2023/5/18 11:21,2023/5/18 13:33,15790,15785,-1,20230518,cf2309,1,0.656,0.344,5,5
365,2023/5/18 21:01,2023/5/18 21:09,15795,15765,-1,20230519,cf2309,1,5.656,0.344,5,5
366,2023/5/18 21:01,2023/5/18 21:19,15790,15755,-1,20230519,cf2309,1,6.656,0.344,5,5
367,2023/5/18 14:25,2023/5/18 21:53,15825,15865,1,20230519,cf2309,1,7.656,0.344,5,5
368,2023/5/18 22:37,2023/5/18 22:47,15825,15825,1,20230519,cf2309,1,-0.344,0.344,5,5
369,2023/5/18 22:37,2023/5/18 22:47,15825,15825,1,20230519,cf2309,1,-0.344,0.344,5,5
370,2023/5/18 22:37,2023/5/18 22:47,15825,15825,1,20230519,cf2309,1,-0.344,0.344,5,5
371,2023/5/19 9:01,2023/5/19 9:16,15795,15810,-1,20230519,cf2309,1,-3.344,0.344,5,5
372,2023/5/19 9:52,2023/5/19 10:35,15785,15810,-1,20230519,cf2309,1,-5.344,0.344,5,5
373,2023/5/19 10:13,2023/5/19 10:41,15825,15830,1,20230519,cf2309,1,0.656,0.344,5,5
374,2023/5/19 11:02,2023/5/19 11:17,15835,15845,1,20230519,cf2309,1,1.656,0.344,5,5
375,2023/5/19 11:02,2023/5/19 11:17,15845,15845,1,20230519,cf2309,1,-0.344,0.344,5,5
376,2023/5/19 11:26,2023/5/19 13:35,15845,15850,1,20230519,cf2309,1,0.656,0.344,5,5
377,2023/5/19 11:19,2023/5/19 13:35,15860,15860,1,20230519,cf2309,1,-0.344,0.344,5,5
378,2023/5/19 13:55,2023/5/19 14:02,15885,15900,1,20230519,cf2309,1,2.656,0.344,5,5
379,2023/5/19 14:19,2023/5/19 14:30,15995,16020,1,20230519,cf2309,1,4.656,0.344,5,5
380,2023/5/19 14:07,2023/5/19 14:52,15915,16025,1,20230519,cf2309,1,21.656,0.344,5,5
381,2023/5/19 21:05,2023/5/19 21:11,16020,16110,-1,20230522,cf2309,1,-18.344,0.344,5,5
382,2023/5/19 21:03,2023/5/19 21:18,16005,16110,-1,20230522,cf2309,1,-21.344,0.344,5,5
383,2023/5/19 21:02,2023/5/19 21:19,15980,16100,-1,20230522,cf2309,1,-24.344,0.344,5,5
384,2023/5/19 21:11,2023/5/19 21:30,16100,16100,1,20230522,cf2309,1,-0.344,0.344,5,5
385,2023/5/19 22:03,2023/5/19 22:15,16130,16155,1,20230522,cf2309,1,4.656,0.344,5,5
386,2023/5/19 21:58,2023/5/19 22:15,16130,16160,1,20230522,cf2309,1,5.656,0.344,5,5
387,2023/5/19 22:42,2023/5/19 22:44,16190,16210,1,20230522,cf2309,1,3.656,0.344,5,5
388,2023/5/19 22:30,2023/5/19 22:53,16170,16220,1,20230522,cf2309,1,9.656,0.344,5,5
389,2023/5/22 9:00,2023/5/22 9:10,16180,16270,1,20230522,cf2309,1,17.656,0.344,5,5
390,2023/5/22 9:00,2023/5/22 9:10,16180,16275,1,20230522,cf2309,1,18.656,0.344,5,5
391,2023/5/19 22:57,2023/5/22 9:11,16230,16285,1,20230522,cf2309,1,10.656,0.344,5,5
392,2023/5/22 9:20,2023/5/22 9:42,16300,16260,1,20230522,cf2309,1,-8.344,0.344,5,5
393,2023/5/22 9:12,2023/5/22 9:43,16275,16265,1,20230522,cf2309,1,-2.344,0.344,5,5
394,2023/5/22 11:10,2023/5/22 11:13,16260,16270,1,20230522,cf2309,1,1.656,0.344,5,5
395,2023/5/22 11:09,2023/5/22 11:14,16265,16275,1,20230522,cf2309,1,1.656,0.344,5,5
396,2023/5/22 11:29,2023/5/22 13:35,16165,16090,-1,20230522,cf2309,1,14.656,0.344,5,5
397,2023/5/22 14:20,2023/5/22 14:29,16110,16130,-1,20230522,cf2309,1,-4.344,0.344,5,5
398,2023/5/22 14:15,2023/5/22 14:30,16100,16125,-1,20230522,cf2309,1,-5.344,0.344,5,5
399,2023/5/22 14:14,2023/5/22 14:57,16085,16115,-1,20230522,cf2309,1,-6.344,0.344,5,5
400,2023/5/22 14:42,2023/5/22 21:16,16150,16160,1,20230523,cf2309,1,1.656,0.344,5,5
401,2023/5/22 21:06,2023/5/22 21:26,16140,16125,-1,20230523,cf2309,1,2.656,0.344,5,5
402,2023/5/22 21:03,2023/5/22 21:26,16120,16120,-1,20230523,cf2309,1,-0.344,0.344,5,5
403,2023/5/22 21:02,2023/5/22 21:26,16100,16120,-1,20230523,cf2309,1,-4.344,0.344,5,5
404,2023/5/22 21:34,2023/5/22 21:46,16105,16110,-1,20230523,cf2309,1,-1.344,0.344,5,5
405,2023/5/22 21:29,2023/5/22 21:46,16080,16105,-1,20230523,cf2309,1,-5.344,0.344,5,5
406,2023/5/22 22:21,2023/5/22 22:44,16095,16085,-1,20230523,cf2309,1,1.656,0.344,5,5
407,2023/5/22 22:49,2023/5/22 22:57,16100,16095,-1,20230523,cf2309,1,0.656,0.344,5,5
408,2023/5/22 22:44,2023/5/22 22:57,16085,16095,-1,20230523,cf2309,1,-2.344,0.344,5,5
409,2023/5/23 9:04,2023/5/23 9:08,16110,16130,-1,20230523,cf2309,1,-4.344,0.344,5,5
410,2023/5/23 9:15,2023/5/23 9:22,16135,16155,1,20230523,cf2309,1,3.656,0.344,5,5
411,2023/5/23 9:00,2023/5/23 10:35,16095,16120,-1,20230523,cf2309,1,-5.344,0.344,5,5
412,2023/5/23 10:35,2023/5/23 11:00,16130,16165,-1,20230523,cf2309,1,-7.344,0.344,5,5
413,2023/5/23 9:00,2023/5/23 11:19,16085,16110,-1,20230523,cf2309,1,-5.344,0.344,5,5
414,2023/5/23 14:34,2023/5/23 14:48,16145,16135,-1,20230523,cf2309,1,1.656,0.344,5,5
415,2023/5/23 21:05,2023/5/23 21:14,16160,16140,-1,20230524,cf2309,1,3.656,0.344,5,5
416,2023/5/23 21:03,2023/5/23 22:47,16130,16135,-1,20230524,cf2309,1,-1.344,0.344,5,5
417,2023/5/23 22:48,2023/5/23 22:50,16140,16135,-1,20230524,cf2309,1,0.656,0.344,5,5
418,2023/5/22 11:09,2023/5/24 9:00,16265,16280,1,20230524,cf2309,1,2.656,0.344,5,5
419,2023/5/23 22:51,2023/5/24 9:00,16120,16120,-1,20230524,cf2309,1,-0.344,0.344,5,5
420,2023/5/24 9:08,2023/5/24 9:21,16095,16095,-1,20230524,cf2309,1,-0.344,0.344,5,5
421,2023/5/24 10:08,2023/5/24 10:32,16095,16085,-1,20230524,cf2309,1,1.656,0.344,5,5
422,2023/5/24 10:39,2023/5/24 10:47,16100,16075,-1,20230524,cf2309,1,4.656,0.344,5,5
423,2023/5/24 10:33,2023/5/24 10:47,16085,16075,-1,20230524,cf2309,1,1.656,0.344,5,5
424,2023/5/24 10:52,2023/5/24 10:59,16065,16035,-1,20230524,cf2309,1,5.656,0.344,5,5
425,2023/5/24 10:51,2023/5/24 10:59,16045,16025,-1,20230524,cf2309,1,3.656,0.344,5,5
426,2023/5/24 11:09,2023/5/24 11:15,15970,15945,-1,20230524,cf2309,1,4.656,0.344,5,5
427,2023/5/24 11:21,2023/5/24 13:44,15930,15940,-1,20230524,cf2309,1,-2.344,0.344,5,5
428,2023/5/24 13:43,2023/5/24 14:00,15955,15915,1,20230524,cf2309,1,-8.344,0.344,5,5
429,2023/5/24 13:43,2023/5/24 14:01,15955,15920,1,20230524,cf2309,1,-7.344,0.344,5,5
430,2023/5/24 14:00,2023/5/24 14:10,15915,15910,-1,20230524,cf2309,1,0.656,0.344,5,5
431,2023/5/24 13:59,2023/5/24 14:10,15900,15910,-1,20230524,cf2309,1,-2.344,0.344,5,5
432,2023/5/24 14:21,2023/5/24 14:28,15870,15840,-1,20230524,cf2309,1,5.656,0.344,5,5
433,2023/5/24 14:15,2023/5/24 14:28,15890,15830,-1,20230524,cf2309,1,11.656,0.344,5,5
434,2023/5/24 14:31,2023/5/24 14:40,15825,15795,-1,20230524,cf2309,1,5.656,0.344,5,5
435,2023/5/24 14:45,2023/5/24 14:55,15770,15745,-1,20230524,cf2309,1,4.656,0.344,5,5
436,2023/5/24 21:08,2023/5/24 21:19,15710,15730,-1,20230525,cf2309,1,-4.344,0.344,5,5
437,2023/5/24 21:07,2023/5/24 21:21,15690,15725,-1,20230525,cf2309,1,-7.344,0.344,5,5
438,2023/5/24 22:49,2023/5/25 9:00,15660,15645,-1,20230525,cf2309,1,2.656,0.344,5,5
439,2023/5/25 9:00,2023/5/25 9:18,15665,15635,-1,20230525,cf2309,1,5.656,0.344,5,5
440,2023/5/25 9:00,2023/5/25 9:23,15660,15630,-1,20230525,cf2309,1,5.656,0.344,5,5
441,2023/5/25 9:54,2023/5/25 10:02,15650,15650,1,20230525,cf2309,1,-0.344,0.344,5,5
442,2023/5/25 9:32,2023/5/25 10:06,15630,15630,-1,20230525,cf2309,1,-0.344,0.344,5,5
443,2023/5/25 10:13,2023/5/25 10:30,15640,15630,-1,20230525,cf2309,1,1.656,0.344,5,5
444,2023/5/25 10:13,2023/5/25 10:30,15640,15625,-1,20230525,cf2309,1,2.656,0.344,5,5
445,2023/5/25 9:24,2023/5/25 10:30,15610,15625,-1,20230525,cf2309,1,-3.344,0.344,5,5
446,2023/5/25 9:54,2023/5/25 10:37,15650,15655,1,20230525,cf2309,1,0.656,0.344,5,5
447,2023/5/25 9:54,2023/5/25 10:37,15650,15655,1,20230525,cf2309,1,0.656,0.344,5,5
448,2023/5/25 10:37,2023/5/25 10:42,15640,15640,-1,20230525,cf2309,1,-0.344,0.344,5,5
449,2023/5/25 10:30,2023/5/25 10:45,15625,15625,-1,20230525,cf2309,1,-0.344,0.344,5,5
450,2023/5/25 10:46,2023/5/25 10:49,15640,15645,1,20230525,cf2309,1,0.656,0.344,5,5
451,2023/5/25 10:46,2023/5/25 10:53,15640,15655,1,20230525,cf2309,1,2.656,0.344,5,5
452,2023/5/25 14:56,2023/5/25 21:28,15535,15465,1,20230526,cf2309,1,-14.344,0.344,5,5
453,2023/5/25 14:53,2023/5/25 21:29,15550,15470,1,20230526,cf2309,1,-16.344,0.344,5,5
454,2023/5/25 21:30,2023/5/25 22:01,15460,15360,-1,20230526,cf2309,1,19.656,0.344,5,5
455,2023/5/25 21:14,2023/5/25 22:01,15485,15350,-1,20230526,cf2309,1,26.656,0.344,5,5
456,2023/5/25 22:15,2023/5/25 22:24,15420,15450,1,20230526,cf2309,1,5.656,0.344,5,5
457,2023/5/25 22:48,2023/5/25 22:59,15460,15465,1,20230526,cf2309,1,0.656,0.344,5,5
458,2023/5/26 9:01,2023/5/26 9:18,15425,15360,-1,20230526,cf2309,1,12.656,0.344,5,5
459,2023/5/26 9:00,2023/5/26 9:18,15370,15350,-1,20230526,cf2309,1,3.656,0.344,5,5
460,2023/5/26 10:34,2023/5/26 10:46,15360,15335,-1,20230526,cf2309,1,4.656,0.344,5,5
461,2023/5/26 10:32,2023/5/26 10:47,15350,15330,-1,20230526,cf2309,1,3.656,0.344,5,5
462,2023/5/26 11:14,2023/5/26 11:24,15410,15425,1,20230526,cf2309,1,2.656,0.344,5,5
463,2023/5/26 11:28,2023/5/26 13:39,15445,15545,1,20230526,cf2309,1,19.656,0.344,5,5
464,2023/5/26 13:43,2023/5/26 13:53,15530,15525,1,20230526,cf2309,1,-1.344,0.344,5,5
465,2023/5/26 14:33,2023/5/26 14:42,15520,15530,1,20230526,cf2309,1,1.656,0.344,5,5
466,2023/5/26 14:31,2023/5/26 14:42,15545,15535,1,20230526,cf2309,1,-2.344,0.344,5,5
467,2023/5/26 14:56,2023/5/26 21:18,15500,15450,-1,20230529,cf2309,1,9.656,0.344,5,5
468,2023/5/26 21:39,2023/5/26 21:57,15485,15565,1,20230529,cf2309,1,15.656,0.344,5,5
469,2023/5/26 22:00,2023/5/26 22:07,15560,15570,1,20230529,cf2309,1,1.656,0.344,5,5
470,2023/5/26 21:58,2023/5/26 22:07,15590,15580,1,20230529,cf2309,1,-2.344,0.344,5,5
471,2023/5/29 9:00,2023/5/29 9:07,15655,15675,-1,20230529,cf2309,1,-4.344,0.344,5,5
472,2023/5/29 10:04,2023/5/29 10:12,15640,15670,-1,20230529,cf2309,1,-6.344,0.344,5,5
473,2023/5/29 9:08,2023/5/29 11:03,15690,15695,1,20230529,cf2309,1,0.656,0.344,5,5
474,2023/5/29 9:07,2023/5/29 11:05,15675,15700,1,20230529,cf2309,1,4.656,0.344,5,5
475,2023/5/29 14:17,2023/5/29 14:20,15650,15655,1,20230529,cf2309,1,0.656,0.344,5,5
476,2023/5/29 14:14,2023/5/29 14:48,15660,15665,1,20230529,cf2309,1,0.656,0.344,5,5
477,2023/5/26 10:47,2023/5/29 14:59,15340,15350,-1,20230529,cf2309,1,-2.344,0.344,5,5
478,2023/5/26 10:47,2023/5/29 14:59,15330,15375,-1,20230529,cf2309,1,-9.344,0.344,5,5
479,2023/5/29 21:00,2023/5/29 21:16,15645,15600,-1,20230530,cf2309,1,8.656,0.344,5,5
480,2023/5/29 14:59,2023/5/29 21:16,15640,15600,-1,20230530,cf2309,1,7.656,0.344,5,5
481,2023/5/29 21:17,2023/5/29 21:40,15585,15535,-1,20230530,cf2309,1,9.656,0.344,5,5
482,2023/5/29 22:03,2023/5/29 22:14,15560,15570,1,20230530,cf2309,1,1.656,0.344,5,5
483,2023/5/29 22:03,2023/5/29 22:14,15560,15570,1,20230530,cf2309,1,1.656,0.344,5,5
484,2023/5/29 22:26,2023/5/29 22:32,15560,15550,-1,20230530,cf2309,1,1.656,0.344,5,5
485,2023/5/29 22:24,2023/5/29 22:34,15545,15540,-1,20230530,cf2309,1,0.656,0.344,5,5
486,2023/5/29 22:34,2023/5/29 22:43,15540,15535,-1,20230530,cf2309,1,0.656,0.344,5,5
487,2023/5/29 22:44,2023/5/30 9:00,15535,15530,-1,20230530,cf2309,1,0.656,0.344,5,5
488,2023/5/30 9:08,2023/5/30 9:20,15555,15570,1,20230530,cf2309,1,2.656,0.344,5,5
489,2023/5/30 9:07,2023/5/30 9:20,15570,15575,1,20230530,cf2309,1,0.656,0.344,5,5
490,2023/5/30 10:13,2023/5/30 10:35,15610,15610,1,20230530,cf2309,1,-0.344,0.344,5,5
491,2023/5/30 11:21,2023/5/30 11:23,15540,15535,-1,20230530,cf2309,1,0.656,0.344,5,5
492,2023/5/30 11:05,2023/5/30 11:23,15555,15530,-1,20230530,cf2309,1,4.656,0.344,5,5
493,2023/5/30 11:04,2023/5/30 11:25,15545,15520,-1,20230530,cf2309,1,4.656,0.344,5,5
494,2023/5/30 14:39,2023/5/30 14:48,15500,15485,1,20230530,cf2309,1,-3.344,0.344,5,5
495,2023/5/30 21:46,2023/5/30 22:03,15550,15485,-1,20230531,cf2309,1,12.656,0.344,5,5
496,2023/5/30 21:46,2023/5/30 22:03,15540,15475,-1,20230531,cf2309,1,12.656,0.344,5,5
497,2023/5/30 9:21,2023/5/31 9:00,15585,15630,1,20230531,cf2309,1,8.656,0.344,5,5
498,2023/5/30 22:08,2023/5/31 9:00,15500,15510,-1,20230531,cf2309,1,-2.344,0.344,5,5
499,2023/5/30 22:07,2023/5/31 9:00,15485,15505,-1,20230531,cf2309,1,-4.344,0.344,5,5
500,2023/5/30 22:05,2023/5/31 9:00,15465,15500,-1,20230531,cf2309,1,-7.344,0.344,5,5
501,2023/5/31 9:14,2023/5/31 9:33,15515,15505,-1,20230531,cf2309,1,1.656,0.344,5,5
502,2023/5/31 10:34,2023/5/31 10:36,15525,15500,-1,20230531,cf2309,1,4.656,0.344,5,5
503,2023/5/31 9:01,2023/5/31 10:50,15510,15500,-1,20230531,cf2309,1,1.656,0.344,5,5
504,2023/5/31 11:04,2023/5/31 11:11,15510,15530,-1,20230531,cf2309,1,-4.344,0.344,5,5
505,2023/5/31 11:02,2023/5/31 11:15,15500,15515,-1,20230531,cf2309,1,-3.344,0.344,5,5
506,2023/5/31 11:00,2023/5/31 11:16,15490,15510,-1,20230531,cf2309,1,-4.344,0.344,5,5
507,2023/5/31 11:16,2023/5/31 11:21,15510,15520,1,20230531,cf2309,1,1.656,0.344,5,5
508,2023/5/31 13:43,2023/5/31 14:06,15500,15505,-1,20230531,cf2309,1,-1.344,0.344,5,5
509,2023/5/31 13:36,2023/5/31 14:11,15475,15495,-1,20230531,cf2309,1,-4.344,0.344,5,5
510,2023/5/31 14:48,2023/5/31 14:53,15510,15520,1,20230531,cf2309,1,1.656,0.344,5,5
511,2023/5/31 9:46,2023/5/31 21:21,15540,15545,1,20230601,cf2309,1,0.656,0.344,5,5
512,2023/5/31 21:06,2023/5/31 21:46,15480,15600,-1,20230601,cf2309,1,-24.344,0.344,5,5
513,2023/6/1 9:53,2023/6/1 10:10,15630,15645,1,20230601,cf2309,1,2.656,0.344,5,5
514,2023/6/1 14:23,2023/6/1 14:30,16310,16390,1,20230601,cf2309,1,15.656,0.344,5,5
515,2023/6/1 14:12,2023/6/1 14:37,16210,16395,1,20230601,cf2309,1,36.656,0.344,5,5
516,2023/6/1 14:49,2023/6/1 14:55,16355,16420,1,20230601,cf2309,1,12.656,0.344,5,5
517,2023/6/1 14:49,2023/6/1 14:55,16355,16425,1,20230601,cf2309,1,13.656,0.344,5,5
518,2023/6/1 14:40,2023/6/1 14:55,16430,16440,1,20230601,cf2309,1,1.656,0.344,5,5
519,2023/6/1 21:34,2023/6/1 21:45,16430,16440,1,20230602,cf2309,1,1.656,0.344,5,5
520,2023/6/1 21:34,2023/6/1 21:46,16470,16445,1,20230602,cf2309,1,-5.344,0.344,5,5
521,2023/6/1 21:31,2023/6/1 21:52,16460,16455,1,20230602,cf2309,1,-1.344,0.344,5,5
522,2023/6/1 22:25,2023/6/1 22:32,16480,16430,1,20230602,cf2309,1,-10.344,0.344,5,5
523,2023/6/1 22:16,2023/6/1 22:33,16470,16450,1,20230602,cf2309,1,-4.344,0.344,5,5
524,2023/6/2 11:01,2023/6/2 11:10,16390,16390,1,20230602,cf2309,1,-0.344,0.344,5,5
525,2023/6/2 11:00,2023/6/2 11:10,16405,16395,1,20230602,cf2309,1,-2.344,0.344,5,5
526,2023/6/2 13:30,2023/6/2 13:33,16430,16475,1,20230602,cf2309,1,8.656,0.344,5,5
527,2023/6/2 13:33,2023/6/2 13:42,16470,16465,1,20230602,cf2309,1,-1.344,0.344,5,5
528,2023/6/2 13:30,2023/6/2 13:43,16440,16470,1,20230602,cf2309,1,5.656,0.344,5,5
529,2023/6/1 22:14,2023/6/2 13:43,16485,16470,1,20230602,cf2309,1,-3.344,0.344,5,5
530,2023/6/2 13:45,2023/6/2 13:52,16440,16325,1,20230602,cf2309,1,-23.344,0.344,5,5
531,2023/6/2 13:45,2023/6/2 13:52,16450,16325,1,20230602,cf2309,1,-25.344,0.344,5,5
532,2023/6/2 13:43,2023/6/2 13:54,16480,16360,1,20230602,cf2309,1,-24.344,0.344,5,5
533,2023/6/2 14:42,2023/6/2 21:01,16305,16350,1,20230605,cf2309,1,8.656,0.344,5,5
534,2023/6/2 21:12,2023/6/2 21:35,16400,16635,1,20230605,cf2309,1,46.656,0.344,5,5
535,2023/6/2 21:39,2023/6/2 21:59,16710,16820,1,20230605,cf2309,1,21.656,0.344,5,5
536,2023/6/2 22:30,2023/6/2 22:40,16825,16815,1,20230605,cf2309,1,-2.344,0.344,5,5
537,2023/6/2 22:30,2023/6/2 22:40,16845,16820,1,20230605,cf2309,1,-5.344,0.344,5,5
538,2023/6/2 22:23,2023/6/2 22:40,16855,16830,1,20230605,cf2309,1,-5.344,0.344,5,5
539,2023/6/5 10:37,2023/6/5 11:07,16720,16735,1,20230605,cf2309,1,2.656,0.344,5,5
540,2023/6/5 10:37,2023/6/5 11:12,16725,16740,1,20230605,cf2309,1,2.656,0.344,5,5
541,2023/6/5 10:37,2023/6/5 11:12,16725,16740,1,20230605,cf2309,1,2.656,0.344,5,5
542,2023/6/5 14:28,2023/6/5 14:29,16855,16700,1,20230605,cf2309,1,-31.344,0.344,5,5
543,2023/6/5 14:28,2023/6/5 14:30,16855,16820,1,20230605,cf2309,1,-7.344,0.344,5,5
544,2023/6/5 22:11,2023/6/5 22:23,16830,16825,1,20230606,cf2309,1,-1.344,0.344,5,5
545,2023/6/5 22:11,2023/6/5 22:23,16840,16835,1,20230606,cf2309,1,-1.344,0.344,5,5
546,2023/6/6 9:16,2023/6/6 9:32,16825,16835,1,20230606,cf2309,1,1.656,0.344,5,5
547,2023/6/6 10:02,2023/6/6 10:05,16825,16840,1,20230606,cf2309,1,2.656,0.344,5,5
548,2023/6/6 9:13,2023/6/6 10:40,16845,16890,1,20230606,cf2309,1,8.656,0.344,5,5
549,2023/6/6 21:08,2023/6/6 21:38,16910,16805,1,20230607,cf2309,1,-21.344,0.344,5,5
550,2023/6/6 22:39,2023/6/7 9:00,16840,16830,1,20230607,cf2309,1,-2.344,0.344,5,5
551,2023/6/6 22:26,2023/6/7 9:00,16825,16850,1,20230607,cf2309,1,4.656,0.344,5,5
552,2023/6/6 22:23,2023/6/7 9:00,16840,16850,1,20230607,cf2309,1,1.656,0.344,5,5
553,2023/6/7 9:48,2023/6/7 9:55,16770,16795,1,20230607,cf2309,1,4.656,0.344,5,5
554,2023/6/7 9:47,2023/6/7 9:56,16785,16800,1,20230607,cf2309,1,2.656,0.344,5,5
555,2023/6/7 9:45,2023/6/7 9:56,16805,16800,1,20230607,cf2309,1,-1.344,0.344,5,5
556,2023/6/7 10:01,2023/6/7 10:09,16790,16745,1,20230607,cf2309,1,-9.344,0.344,5,5
557,2023/6/7 9:58,2023/6/7 11:03,16815,16650,1,20230607,cf2309,1,-33.344,0.344,5,5
558,2023/6/7 11:23,2023/6/7 13:46,16680,16660,1,20230607,cf2309,1,-4.344,0.344,5,5
559,2023/6/7 11:18,2023/6/7 14:18,16720,16695,1,20230607,cf2309,1,-5.344,0.344,5,5
560,2023/6/7 14:19,2023/6/7 21:01,16685,16825,1,20230608,cf2309,1,27.656,0.344,5,5
561,2023/6/7 21:20,2023/6/7 21:27,16855,16875,1,20230608,cf2309,1,3.656,0.344,5,5
562,2023/6/7 21:01,2023/6/7 21:28,16825,16880,1,20230608,cf2309,1,10.656,0.344,5,5
563,2023/6/8 11:24,2023/6/8 13:32,16820,16830,1,20230608,cf2309,1,1.656,0.344,5,5
564,2023/6/8 11:07,2023/6/8 13:33,16840,16835,1,20230608,cf2309,1,-1.344,0.344,5,5
565,2023/6/8 14:31,2023/6/8 14:38,16820,16825,1,20230608,cf2309,1,0.656,0.344,5,5
566,2023/6/8 14:23,2023/6/8 14:39,16820,16835,1,20230608,cf2309,1,2.656,0.344,5,5
567,2023/6/8 14:49,2023/6/8 14:57,16840,16845,1,20230608,cf2309,1,0.656,0.344,5,5
568,2023/6/8 21:10,2023/6/8 21:17,16910,16930,1,20230609,cf2309,1,3.656,0.344,5,5
569,2023/6/8 14:57,2023/6/8 21:24,16845,16935,1,20230609,cf2309,1,17.656,0.344,5,5
570,2023/6/9 9:09,2023/6/9 9:11,16810,16790,1,20230609,cf2309,1,-4.344,0.344,5,5
571,2023/6/9 9:02,2023/6/9 9:24,16845,16805,1,20230609,cf2309,1,-8.344,0.344,5,5
572,2023/6/9 10:43,2023/6/9 10:55,16780,16790,1,20230609,cf2309,1,1.656,0.344,5,5
573,2023/6/9 13:45,2023/6/9 14:15,16825,16860,1,20230609,cf2309,1,6.656,0.344,5,5
574,2023/6/9 14:19,2023/6/9 14:47,16850,16785,1,20230609,cf2309,1,-13.344,0.344,5,5
575,2023/6/9 22:03,2023/6/9 22:23,16725,16695,1,20230612,cf2309,1,-6.344,0.344,5,5
576,2023/6/9 22:50,2023/6/12 9:01,16695,16690,1,20230612,cf2309,1,-1.344,0.344,5,5
577,2023/6/12 13:35,2023/6/12 14:47,16670,16680,1,20230612,cf2309,1,1.656,0.344,5,5
578,2023/6/12 14:47,2023/6/12 14:59,16675,16865,1,20230612,cf2309,1,37.656,0.344,5,5
579,2023/6/12 21:00,2023/6/12 21:17,16730,16810,1,20230613,cf2309,1,15.656,0.344,5,5
580,2023/6/9 14:16,2023/6/12 21:18,16865,16820,1,20230613,cf2309,1,-9.344,0.344,5,5
581,2023/6/12 22:28,2023/6/12 22:47,16690,16660,1,20230613,cf2309,1,-6.344,0.344,5,5
582,2023/6/12 22:26,2023/6/13 9:15,16695,16700,1,20230613,cf2309,1,0.656,0.344,5,5
583,2023/6/12 22:23,2023/6/13 9:15,16710,16700,1,20230613,cf2309,1,-2.344,0.344,5,5
584,2023/6/13 9:31,2023/6/13 9:36,16715,16720,1,20230613,cf2309,1,0.656,0.344,5,5
585,2023/6/13 9:25,2023/6/13 9:44,16730,16725,1,20230613,cf2309,1,-1.344,0.344,5,5
586,2023/6/13 9:56,2023/6/13 10:01,16740,16760,1,20230613,cf2309,1,3.656,0.344,5,5
587,2023/6/13 9:53,2023/6/13 10:01,16740,16760,1,20230613,cf2309,1,3.656,0.344,5,5
588,2023/6/13 9:50,2023/6/13 10:01,16760,16765,1,20230613,cf2309,1,0.656,0.344,5,5
589,2023/6/13 13:41,2023/6/13 14:18,16750,16850,1,20230613,cf2309,1,19.656,0.344,5,5
590,2023/6/13 14:44,2023/6/13 21:00,16860,16880,1,20230614,cf2309,1,3.656,0.344,5,5
591,2023/6/13 14:36,2023/6/13 21:00,16885,16880,1,20230614,cf2309,1,-1.344,0.344,5,5
592,2023/6/13 21:03,2023/6/13 21:11,16850,16850,1,20230614,cf2309,1,-0.344,0.344,5,5
593,2023/6/13 22:37,2023/6/13 22:42,16790,16810,1,20230614,cf2309,1,3.656,0.344,5,5
594,2023/6/13 21:03,2023/6/14 9:00,16880,16855,1,20230614,cf2309,1,-5.344,0.344,5,5
595,2023/6/14 10:10,2023/6/14 10:32,16770,16780,1,20230614,cf2309,1,1.656,0.344,5,5
596,2023/6/14 10:04,2023/6/14 10:33,16780,16785,1,20230614,cf2309,1,0.656,0.344,5,5
597,2023/6/14 11:10,2023/6/14 14:30,16840,16850,1,20230614,cf2309,1,1.656,0.344,5,5
598,2023/6/14 11:01,2023/6/14 14:30,16840,16850,1,20230614,cf2309,1,1.656,0.344,5,5
599,2023/6/14 14:31,2023/6/14 14:46,16845,16840,1,20230614,cf2309,1,-1.344,0.344,5,5
600,2023/6/14 11:01,2023/6/14 21:32,16855,16860,1,20230615,cf2309,1,0.656,0.344,5,5
601,2023/6/14 21:34,2023/6/14 21:42,16820,16890,1,20230615,cf2309,1,13.656,0.344,5,5
602,2023/6/14 21:33,2023/6/14 21:42,16840,16895,1,20230615,cf2309,1,10.656,0.344,5,5
603,2023/6/14 22:08,2023/6/14 22:57,16930,16900,1,20230615,cf2309,1,-6.344,0.344,5,5
604,2023/6/15 9:02,2023/6/15 9:17,16890,16860,1,20230615,cf2309,1,-6.344,0.344,5,5
605,2023/6/15 9:02,2023/6/15 9:20,16890,16875,1,20230615,cf2309,1,-3.344,0.344,5,5
606,2023/6/15 9:48,2023/6/15 9:59,16895,16915,1,20230615,cf2309,1,3.656,0.344,5,5
607,2023/6/15 10:02,2023/6/15 10:42,16935,16895,1,20230615,cf2309,1,-8.344,0.344,5,5
608,2023/6/15 14:37,2023/6/15 14:43,16840,16790,1,20230615,cf2309,1,-10.344,0.344,5,5
609,2023/6/15 14:33,2023/6/15 14:50,16865,16810,1,20230615,cf2309,1,-11.344,0.344,5,5
610,2023/6/15 22:01,2023/6/15 22:15,16815,16825,1,20230616,cf2309,1,1.656,0.344,5,5
611,2023/6/15 22:15,2023/6/16 9:00,16825,16835,1,20230616,cf2309,1,1.656,0.344,5,5
612,2023/6/16 9:10,2023/6/16 9:17,16820,16830,1,20230616,cf2309,1,1.656,0.344,5,5
613,2023/6/16 9:22,2023/6/16 9:36,16865,16870,1,20230616,cf2309,1,0.656,0.344,5,5
614,2023/6/16 9:36,2023/6/16 9:47,16875,16880,1,20230616,cf2309,1,0.656,0.344,5,5
615,2023/6/16 9:48,2023/6/16 10:37,16875,16880,1,20230616,cf2309,1,0.656,0.344,5,5
616,2023/6/16 9:47,2023/6/16 10:37,16885,16885,1,20230616,cf2309,1,-0.344,0.344,5,5
617,2023/6/16 10:40,2023/6/16 10:51,16870,16870,1,20230616,cf2309,1,-0.344,0.344,5,5
618,2023/6/16 10:38,2023/6/16 11:10,16895,16880,1,20230616,cf2309,1,-3.344,0.344,5,5
619,2023/6/16 11:27,2023/6/16 13:30,16900,16920,1,20230616,cf2309,1,3.656,0.344,5,5
620,2023/6/16 21:11,2023/6/16 21:18,16845,16860,1,20230619,cf2309,1,2.656,0.344,5,5
621,2023/6/16 21:08,2023/6/16 21:19,16860,16865,1,20230619,cf2309,1,0.656,0.344,5,5
622,2023/6/16 21:54,2023/6/16 22:10,16870,16880,1,20230619,cf2309,1,1.656,0.344,5,5
623,2023/6/16 21:52,2023/6/16 22:11,16875,16885,1,20230619,cf2309,1,1.656,0.344,5,5
624,2023/6/16 13:46,2023/6/19 9:00,16925,16970,1,20230619,cf2309,1,8.656,0.344,5,5
625,2023/6/19 14:57,2023/6/19 21:00,16460,16495,1,20230620,cf2309,1,6.656,0.344,5,5
626,2023/6/19 14:56,2023/6/19 21:00,16465,16495,1,20230620,cf2309,1,5.656,0.344,5,5
627,2023/6/19 14:55,2023/6/19 21:00,16475,16500,1,20230620,cf2309,1,4.656,0.344,5,5
628,2023/6/19 21:02,2023/6/19 21:11,16460,16465,1,20230620,cf2309,1,0.656,0.344,5,5
629,2023/6/19 21:00,2023/6/19 21:11,16480,16465,1,20230620,cf2309,1,-3.344,0.344,5,5
630,2023/6/19 21:00,2023/6/19 21:13,16500,16475,1,20230620,cf2309,1,-5.344,0.344,5,5
631,2023/6/19 22:22,2023/6/19 22:30,16560,16570,1,20230620,cf2309,1,1.656,0.344,5,5
632,2023/6/20 10:33,2023/6/20 10:43,16670,16685,1,20230620,cf2309,1,2.656,0.344,5,5
633,2023/6/20 10:30,2023/6/20 10:43,16685,16685,1,20230620,cf2309,1,-0.344,0.344,5,5
634,2023/6/20 10:53,2023/6/20 10:59,16710,16715,1,20230620,cf2309,1,0.656,0.344,5,5
635,2023/6/20 13:52,2023/6/20 14:38,16710,16705,1,20230620,cf2309,1,-1.344,0.344,5,5
636,2023/6/20 14:42,2023/6/20 14:53,16710,16705,1,20230620,cf2309,1,-1.344,0.344,5,5
637,2023/6/21 9:05,2023/6/21 9:18,16590,16605,1,20230621,cf2309,1,2.656,0.344,5,5
638,2023/6/20 22:49,2023/6/21 9:19,16590,16610,1,20230621,cf2309,1,3.656,0.344,5,5
639,2023/6/21 14:43,2023/6/21 14:50,16370,16370,1,20230621,cf2309,1,-0.344,0.344,5,5
640,2023/6/21 14:43,2023/6/21 14:50,16370,16370,1,20230621,cf2309,1,-0.344,0.344,5,5
641,2023/6/21 14:43,2023/6/26 9:11,16370,16380,1,20230626,cf2309,1,1.656,0.344,5,5
642,2023/6/27 9:36,2023/6/27 9:46,16210,16215,1,20230627,cf2309,1,0.656,0.344,5,5
643,2023/6/27 11:01,2023/6/27 11:14,16160,16175,1,20230627,cf2309,1,2.656,0.344,5,5
644,2023/6/26 22:06,2023/6/27 13:38,16270,16265,1,20230627,cf2309,1,-1.344,0.344,5,5
645,2023/6/27 13:47,2023/6/27 14:03,16270,16300,1,20230627,cf2309,1,5.656,0.344,5,5
646,2023/6/27 13:39,2023/6/27 14:03,16235,16300,1,20230627,cf2309,1,12.656,0.344,5,5
647,2023/6/27 14:22,2023/6/27 14:59,16350,16360,1,20230627,cf2309,1,1.656,0.344,5,5
648,2023/6/27 22:03,2023/6/27 22:19,16305,16350,1,20230628,cf2309,1,8.656,0.344,5,5
649,2023/6/28 10:08,2023/6/28 10:30,16260,16255,1,20230628,cf2309,1,-1.344,0.344,5,5
650,2023/6/28 10:08,2023/6/28 10:31,16260,16265,1,20230628,cf2309,1,0.656,0.344,5,5
651,2023/6/27 22:19,2023/6/28 11:18,16355,16360,1,20230628,cf2309,1,0.656,0.344,5,5
652,2023/6/28 11:24,2023/6/28 13:44,16320,16320,1,20230628,cf2309,1,-0.344,0.344,5,5
653,2023/6/28 14:12,2023/6/28 14:19,16320,16300,1,20230628,cf2309,1,-4.344,0.344,5,5
654,2023/6/28 14:09,2023/6/28 14:42,16335,16325,1,20230628,cf2309,1,-2.344,0.344,5,5
655,2023/6/28 14:53,2023/6/28 21:05,16335,16335,1,20230629,cf2309,1,-0.344,0.344,5,5
656,2023/6/28 21:12,2023/6/28 21:20,16340,16350,1,20230629,cf2309,1,1.656,0.344,5,5
657,2023/6/28 21:08,2023/6/28 21:29,16380,16355,1,20230629,cf2309,1,-5.344,0.344,5,5
658,2023/6/28 22:54,2023/6/28 22:58,16335,16335,1,20230629,cf2309,1,-0.344,0.344,5,5
659,2023/6/28 22:54,2023/6/29 9:02,16335,16345,1,20230629,cf2309,1,1.656,0.344,5,5
660,2023/6/29 9:07,2023/6/29 9:12,16320,16280,1,20230629,cf2309,1,-8.344,0.344,5,5
661,2023/6/29 9:06,2023/6/29 13:31,16335,16295,1,20230629,cf2309,1,-8.344,0.344,5,5
662,2023/6/29 9:02,2023/6/29 13:31,16345,16305,1,20230629,cf2309,1,-8.344,0.344,5,5
663,2023/6/29 13:43,2023/6/29 14:08,16300,16310,1,20230629,cf2309,1,1.656,0.344,5,5
664,2023/6/29 13:43,2023/6/29 14:08,16300,16310,1,20230629,cf2309,1,1.656,0.344,5,5
665,2023/6/29 14:21,2023/6/29 22:04,16300,16310,1,20230630,cf2309,1,1.656,0.344,5,5
666,2023/6/29 14:21,2023/6/29 22:04,16305,16310,1,20230630,cf2309,1,0.656,0.344,5,5
667,2023/6/29 14:21,2023/6/29 22:06,16305,16315,1,20230630,cf2309,1,1.656,0.344,5,5
668,2023/6/29 22:07,2023/6/29 22:43,16310,16295,1,20230630,cf2309,1,-3.344,0.344,5,5
669,2023/6/30 9:43,2023/6/30 9:47,16400,16410,1,20230630,cf2309,1,1.656,0.344,5,5
670,2023/6/30 9:43,2023/6/30 9:47,16400,16410,1,20230630,cf2309,1,1.656,0.344,5,5
671,2023/6/30 9:52,2023/6/30 10:36,16435,16770,1,20230630,cf2309,1,66.656,0.344,5,5
672,2023/6/30 14:41,2023/6/30 14:51,16675,16680,1,20230630,cf2309,1,0.656,0.344,5,5
673,2023/6/30 14:57,2023/6/30 21:01,16660,16680,1,20230703,cf2309,1,3.656,0.344,5,5
674,2023/6/30 14:54,2023/6/30 21:01,16670,16685,1,20230703,cf2309,1,2.656,0.344,5,5
675,2023/6/30 14:52,2023/6/30 21:01,16680,16695,1,20230703,cf2309,1,2.656,0.344,5,5
676,2023/6/30 21:03,2023/6/30 21:10,16670,16695,1,20230703,cf2309,1,4.656,0.344,5,5
677,2023/6/30 22:01,2023/6/30 22:05,16675,16685,1,20230703,cf2309,1,1.656,0.344,5,5
678,2023/6/30 21:01,2023/6/30 22:06,16690,16700,1,20230703,cf2309,1,1.656,0.344,5,5
679,2023/6/30 22:34,2023/6/30 22:48,16740,16770,1,20230703,cf2309,1,5.656,0.344,5,5
680,2023/7/3 9:01,2023/7/3 9:03,16815,16840,1,20230703,cf2309,1,4.656,0.344,5,5
681,2023/7/3 9:06,2023/7/3 13:33,16770,16815,1,20230703,cf2309,1,8.656,0.344,5,5
682,2023/7/3 9:04,2023/7/3 13:34,16815,16820,1,20230703,cf2309,1,0.656,0.344,5,5
683,2023/7/3 13:40,2023/7/3 14:06,16810,16825,1,20230703,cf2309,1,2.656,0.344,5,5
684,2023/7/3 14:27,2023/7/3 14:32,16810,16790,1,20230703,cf2309,1,-4.344,0.344,5,5
685,2023/7/3 14:23,2023/7/3 14:44,16840,16800,1,20230703,cf2309,1,-8.344,0.344,5,5
686,2023/6/1 9:31,2023/7/3 14:59,15610,15535,-1,20230703,cf2309,1,14.656,0.344,5,5
687,2023/6/1 9:27,2023/7/3 14:59,15595,15595,-1,20230703,cf2309,1,-0.344,0.344,5,5
688,2023/5/31 21:05,2023/7/3 14:59,15465,15590,-1,20230703,cf2309,1,-25.344,0.344,5,5
689,2023/7/3 21:09,2023/7/3 21:30,16800,16765,1,20230704,cf2309,1,-7.344,0.344,5,5
690,2023/7/3 21:28,2023/7/3 21:51,16750,16770,-1,20230704,cf2309,1,-4.344,0.344,5,5
691,2023/7/3 21:17,2023/7/3 22:02,16765,16755,-1,20230704,cf2309,1,1.656,0.344,5,5
692,2023/7/3 22:37,2023/7/3 22:53,16770,16770,1,20230704,cf2309,1,-0.344,0.344,5,5
693,2023/7/3 22:11,2023/7/4 9:00,16750,16740,-1,20230704,cf2309,1,1.656,0.344,5,5
694,2023/7/3 22:09,2023/7/4 9:00,16735,16740,-1,20230704,cf2309,1,-1.344,0.344,5,5
695,2023/7/4 9:21,2023/7/4 9:29,16700,16690,-1,20230704,cf2309,1,1.656,0.344,5,5
696,2023/7/4 9:03,2023/7/4 9:29,16740,16690,-1,20230704,cf2309,1,9.656,0.344,5,5
697,2023/7/4 9:53,2023/7/4 10:00,16700,16710,1,20230704,cf2309,1,1.656,0.344,5,5
698,2023/7/4 10:31,2023/7/4 10:56,16690,16660,-1,20230704,cf2309,1,5.656,0.344,5,5
699,2023/7/4 11:04,2023/7/4 11:12,16650,16630,-1,20230704,cf2309,1,3.656,0.344,5,5
700,2023/7/4 13:31,2023/7/4 13:51,16610,16525,-1,20230704,cf2309,1,16.656,0.344,5,5
701,2023/7/4 13:51,2023/7/4 14:19,16510,16495,-1,20230704,cf2309,1,2.656,0.344,5,5
702,2023/7/4 14:51,2023/7/4 14:59,16530,16815,1,20230704,cf2309,1,56.656,0.344,5,5
703,2023/7/3 21:05,2023/7/4 14:59,16815,16815,1,20230704,cf2309,1,-0.344,0.344,5,5
704,2023/7/3 21:03,2023/7/4 21:00,16850,16540,1,20230705,cf2309,1,-62.344,0.344,5,5
705,2023/7/4 21:00,2023/7/4 21:12,16525,16525,1,20230705,cf2309,1,-0.344,0.344,5,5
706,2023/7/4 21:00,2023/7/4 21:33,16535,16530,1,20230705,cf2309,1,-1.344,0.344,5,5
707,2023/7/4 21:41,2023/7/4 21:59,16535,16560,1,20230705,cf2309,1,4.656,0.344,5,5
708,2023/7/4 21:59,2023/7/4 22:10,16565,16595,1,20230705,cf2309,1,5.656,0.344,5,5
709,2023/7/4 22:59,2023/7/5 9:05,16575,16580,1,20230705,cf2309,1,0.656,0.344,5,5
710,2023/7/4 22:59,2023/7/5 9:05,16585,16590,1,20230705,cf2309,1,0.656,0.344,5,5
711,2023/7/5 9:13,2023/7/5 9:15,16615,16625,1,20230705,cf2309,1,1.656,0.344,5,5
712,2023/7/5 9:18,2023/7/5 9:27,16600,16595,1,20230705,cf2309,1,-1.344,0.344,5,5
713,2023/7/5 9:15,2023/7/5 9:30,16625,16605,1,20230705,cf2309,1,-4.344,0.344,5,5
714,2023/7/5 10:03,2023/7/5 10:12,16565,16565,-1,20230705,cf2309,1,-0.344,0.344,5,5
715,2023/7/5 10:02,2023/7/5 10:14,16545,16555,-1,20230705,cf2309,1,-2.344,0.344,5,5
716,2023/7/5 10:32,2023/7/5 10:42,16550,16555,-1,20230705,cf2309,1,-1.344,0.344,5,5
717,2023/7/5 10:30,2023/7/5 10:44,16530,16550,-1,20230705,cf2309,1,-4.344,0.344,5,5
718,2023/7/5 10:53,2023/7/5 11:04,16525,16520,-1,20230705,cf2309,1,0.656,0.344,5,5
719,2023/7/5 11:04,2023/7/5 11:15,16520,16515,-1,20230705,cf2309,1,0.656,0.344,5,5
720,2023/7/5 13:35,2023/7/5 13:52,16540,16555,1,20230705,cf2309,1,2.656,0.344,5,5
721,2023/7/5 13:52,2023/7/5 14:12,16555,16570,1,20230705,cf2309,1,2.656,0.344,5,5
722,2023/7/5 14:27,2023/7/5 14:46,16575,16565,1,20230705,cf2309,1,-2.344,0.344,5,5
723,2023/7/5 14:40,2023/7/5 14:52,16550,16545,-1,20230705,cf2309,1,0.656,0.344,5,5
724,2023/7/5 14:54,2023/7/5 21:09,16545,16545,-1,20230706,cf2309,1,-0.344,0.344,5,5
725,2023/7/5 21:07,2023/7/5 21:13,16550,16570,1,20230706,cf2309,1,3.656,0.344,5,5
726,2023/7/5 21:07,2023/7/5 21:17,16565,16575,1,20230706,cf2309,1,1.656,0.344,5,5
727,2023/7/5 21:05,2023/7/5 21:17,16590,16575,1,20230706,cf2309,1,-3.344,0.344,5,5
728,2023/7/5 22:20,2023/7/5 22:24,16560,16555,-1,20230706,cf2309,1,0.656,0.344,5,5
729,2023/7/6 9:01,2023/7/6 9:10,16520,16525,-1,20230706,cf2309,1,-1.344,0.344,5,5
730,2023/7/6 9:01,2023/7/6 9:11,16510,16520,-1,20230706,cf2309,1,-2.344,0.344,5,5
731,2023/7/6 9:00,2023/7/6 9:11,16495,16520,-1,20230706,cf2309,1,-5.344,0.344,5,5
732,2023/7/6 9:24,2023/7/6 9:30,16500,16485,-1,20230706,cf2309,1,2.656,0.344,5,5
733,2023/7/6 9:21,2023/7/6 9:30,16500,16485,-1,20230706,cf2309,1,2.656,0.344,5,5
734,2023/7/6 9:52,2023/7/6 9:55,16510,16515,1,20230706,cf2309,1,0.656,0.344,5,5
735,2023/7/6 9:58,2023/7/6 10:05,16515,16525,1,20230706,cf2309,1,1.656,0.344,5,5
736,2023/7/6 10:42,2023/7/6 11:09,16500,16565,-1,20230706,cf2309,1,-13.344,0.344,5,5
737,2023/7/6 13:35,2023/7/6 13:39,16570,16555,-1,20230706,cf2309,1,2.656,0.344,5,5
738,2023/7/6 13:35,2023/7/6 13:39,16565,16555,-1,20230706,cf2309,1,1.656,0.344,5,5
739,2023/7/5 21:22,2023/7/6 13:52,16600,16605,1,20230706,cf2309,1,0.656,0.344,5,5
740,2023/7/6 13:52,2023/7/6 14:02,16600,16610,1,20230706,cf2309,1,1.656,0.344,5,5
741,2023/7/6 14:05,2023/7/6 14:13,16590,16595,1,20230706,cf2309,1,0.656,0.344,5,5
742,2023/7/6 14:02,2023/7/6 14:14,16610,16605,1,20230706,cf2309,1,-1.344,0.344,5,5
743,2023/7/6 14:46,2023/7/6 14:55,16565,16565,-1,20230706,cf2309,1,-0.344,0.344,5,5
744,2023/7/6 13:35,2023/7/6 21:00,16565,16550,-1,20230707,cf2309,1,2.656,0.344,5,5
745,2023/7/6 21:01,2023/7/6 21:08,16570,16665,-1,20230707,cf2309,1,-19.344,0.344,5,5
746,2023/7/6 21:08,2023/7/6 21:16,16665,16685,1,20230707,cf2309,1,3.656,0.344,5,5
747,2023/7/6 21:00,2023/7/6 21:44,16555,16740,-1,20230707,cf2309,1,-37.344,0.344,5,5
748,2023/7/6 21:45,2023/7/6 21:51,16750,16750,1,20230707,cf2309,1,-0.344,0.344,5,5
749,2023/7/6 22:09,2023/7/6 22:14,16700,16650,-1,20230707,cf2309,1,9.656,0.344,5,5
750,2023/7/6 21:00,2023/7/6 22:33,16540,16630,-1,20230707,cf2309,1,-18.344,0.344,5,5
751,2023/7/6 22:59,2023/7/7 9:54,16660,16690,1,20230707,cf2309,1,5.656,0.344,5,5
752,2023/7/7 10:03,2023/7/7 10:06,16690,16705,1,20230707,cf2309,1,2.656,0.344,5,5
753,2023/7/7 10:55,2023/7/7 11:15,16685,16685,-1,20230707,cf2309,1,-0.344,0.344,5,5
754,2023/7/7 13:47,2023/7/7 14:17,16720,16730,1,20230707,cf2309,1,1.656,0.344,5,5
755,2023/7/7 14:09,2023/7/7 14:24,16710,16710,-1,20230707,cf2309,1,-0.344,0.344,5,5
756,2023/7/7 14:05,2023/7/7 14:25,16695,16705,-1,20230707,cf2309,1,-2.344,0.344,5,5
757,2023/7/7 14:47,2023/7/7 14:56,16700,16685,-1,20230707,cf2309,1,2.656,0.344,5,5
758,2023/7/6 21:37,2023/7/7 14:59,16765,16760,1,20230707,cf2309,1,-1.344,0.344,5,5
759,2023/7/7 21:00,2023/7/7 21:04,16705,16655,-1,20230710,cf2309,1,9.656,0.344,5,5
760,2023/7/7 21:12,2023/7/7 21:16,16675,16665,-1,20230710,cf2309,1,1.656,0.344,5,5
761,2023/7/7 14:57,2023/7/7 21:16,16685,16660,-1,20230710,cf2309,1,4.656,0.344,5,5
762,2023/7/7 9:22,2023/7/7 21:22,16660,16650,-1,20230710,cf2309,1,1.656,0.344,5,5
763,2023/7/7 21:33,2023/7/7 21:43,16650,16670,-1,20230710,cf2309,1,-4.344,0.344,5,5
764,2023/7/7 21:27,2023/7/7 22:05,16650,16665,-1,20230710,cf2309,1,-3.344,0.344,5,5
765,2023/7/7 22:14,2023/7/7 22:21,16655,16650,-1,20230710,cf2309,1,0.656,0.344,5,5
766,2023/7/7 21:45,2023/7/7 22:38,16680,16675,1,20230710,cf2309,1,-1.344,0.344,5,5
767,2023/7/7 22:21,2023/7/7 22:41,16650,16650,-1,20230710,cf2309,1,-0.344,0.344,5,5
768,2023/7/10 9:03,2023/7/10 9:10,16670,16695,1,20230710,cf2309,1,4.656,0.344,5,5
769,2023/7/7 22:48,2023/7/10 9:13,16645,16660,-1,20230710,cf2309,1,-3.344,0.344,5,5
770,2023/7/10 9:23,2023/7/10 9:28,16660,16645,-1,20230710,cf2309,1,2.656,0.344,5,5
771,2023/7/10 9:19,2023/7/10 9:28,16650,16645,-1,20230710,cf2309,1,0.656,0.344,5,5
772,2023/7/10 9:16,2023/7/10 9:28,16635,16640,-1,20230710,cf2309,1,-1.344,0.344,5,5
773,2023/7/10 9:03,2023/7/10 10:44,16690,16700,1,20230710,cf2309,1,1.656,0.344,5,5
774,2023/7/10 11:22,2023/7/10 11:26,16680,16680,-1,20230710,cf2309,1,-0.344,0.344,5,5
775,2023/7/10 11:22,2023/7/10 13:31,16680,16670,-1,20230710,cf2309,1,1.656,0.344,5,5
776,2023/7/10 13:40,2023/7/10 13:47,16670,16680,1,20230710,cf2309,1,1.656,0.344,5,5
777,2023/7/10 13:40,2023/7/10 13:49,16690,16685,1,20230710,cf2309,1,-1.344,0.344,5,5
778,2023/7/10 14:23,2023/7/10 14:37,16670,16660,-1,20230710,cf2309,1,1.656,0.344,5,5
779,2023/7/10 21:01,2023/7/10 21:07,16635,16590,-1,20230711,cf2309,1,8.656,0.344,5,5
780,2023/7/10 21:00,2023/7/10 21:08,16610,16590,-1,20230711,cf2309,1,3.656,0.344,5,5
781,2023/7/10 21:11,2023/7/10 21:43,16605,16620,-1,20230711,cf2309,1,-3.344,0.344,5,5
782,2023/7/10 22:37,2023/7/10 22:38,16605,16590,-1,20230711,cf2309,1,2.656,0.344,5,5
783,2023/7/10 22:39,2023/7/10 22:49,16610,16610,-1,20230711,cf2309,1,-0.344,0.344,5,5
784,2023/7/10 13:55,2023/7/11 9:00,16695,16700,1,20230711,cf2309,1,0.656,0.344,5,5
785,2023/7/10 10:50,2023/7/11 9:00,16695,16695,1,20230711,cf2309,1,-0.344,0.344,5,5
786,2023/7/10 21:09,2023/7/11 9:00,16580,16605,-1,20230711,cf2309,1,-5.344,0.344,5,5
787,2023/7/11 9:13,2023/7/11 9:19,16660,16660,1,20230711,cf2309,1,-0.344,0.344,5,5
788,2023/7/11 11:15,2023/7/11 13:30,16660,16685,1,20230711,cf2309,1,4.656,0.344,5,5
789,2023/7/11 11:12,2023/7/11 14:27,16660,16695,1,20230711,cf2309,1,6.656,0.344,5,5
790,2023/7/11 22:06,2023/7/11 22:11,17120,17165,1,20230712,cf2309,1,8.656,0.344,5,5
791,2023/7/11 22:06,2023/7/11 22:11,17125,17165,1,20230712,cf2309,1,7.656,0.344,5,5
792,2023/7/11 21:55,2023/7/11 22:11,17120,17165,1,20230712,cf2309,1,8.656,0.344,5,5
793,2023/7/12 9:17,2023/7/12 9:35,17205,17200,1,20230712,cf2309,1,-1.344,0.344,5,5
794,2023/7/12 9:40,2023/7/12 10:00,17220,17265,1,20230712,cf2309,1,8.656,0.344,5,5
795,2023/7/12 10:36,2023/7/12 10:40,17250,17220,1,20230712,cf2309,1,-6.344,0.344,5,5
796,2023/7/12 10:33,2023/7/12 10:42,17265,17240,1,20230712,cf2309,1,-5.344,0.344,5,5
797,2023/7/12 10:32,2023/7/12 10:53,17280,17240,1,20230712,cf2309,1,-8.344,0.344,5,5
798,2023/7/12 9:00,2023/7/12 13:43,17190,17160,-1,20230712,cf2309,1,5.656,0.344,5,5
799,2023/7/12 21:09,2023/7/12 21:12,17210,17225,1,20230713,cf2309,1,2.656,0.344,5,5
800,2023/7/12 14:37,2023/7/12 21:34,17160,17240,1,20230713,cf2309,1,15.656,0.344,5,5
801,2023/7/12 21:50,2023/7/12 22:17,17270,17250,1,20230713,cf2309,1,-4.344,0.344,5,5
802,2023/7/12 22:43,2023/7/12 22:52,17270,17275,1,20230713,cf2309,1,0.656,0.344,5,5
803,2023/7/13 9:19,2023/7/13 9:22,17160,17140,-1,20230713,cf2309,1,3.656,0.344,5,5
804,2023/7/13 9:57,2023/7/13 10:12,17190,17190,1,20230713,cf2309,1,-0.344,0.344,5,5
805,2023/7/13 10:30,2023/7/13 10:38,17215,17225,1,20230713,cf2309,1,1.656,0.344,5,5
806,2023/7/13 10:38,2023/7/13 10:59,17225,17200,1,20230713,cf2309,1,-5.344,0.344,5,5
807,2023/7/13 10:58,2023/7/13 11:11,17180,17200,-1,20230713,cf2309,1,-4.344,0.344,5,5
808,2023/7/13 11:22,2023/7/13 13:40,17215,17230,1,20230713,cf2309,1,2.656,0.344,5,5
809,2023/7/13 11:20,2023/7/13 13:40,17230,17230,1,20230713,cf2309,1,-0.344,0.344,5,5
810,2023/7/13 13:50,2023/7/13 13:59,17235,17195,1,20230713,cf2309,1,-8.344,0.344,5,5
811,2023/7/13 13:40,2023/7/13 14:07,17240,17225,1,20230713,cf2309,1,-3.344,0.344,5,5
812,2023/7/13 14:01,2023/7/13 14:23,17210,17210,-1,20230713,cf2309,1,-0.344,0.344,5,5
813,2023/7/13 14:34,2023/7/13 14:42,17230,17235,1,20230713,cf2309,1,0.656,0.344,5,5
814,2023/7/13 14:32,2023/7/13 14:43,17240,17245,1,20230713,cf2309,1,0.656,0.344,5,5
815,2023/7/13 21:00,2023/7/13 21:10,17205,17260,-1,20230714,cf2309,1,-11.344,0.344,5,5
816,2023/7/13 21:13,2023/7/13 21:21,17230,17240,1,20230714,cf2309,1,1.656,0.344,5,5
817,2023/7/13 21:09,2023/7/13 21:46,17275,17250,1,20230714,cf2309,1,-5.344,0.344,5,5
818,2023/7/13 22:33,2023/7/13 22:41,17205,17200,-1,20230714,cf2309,1,0.656,0.344,5,5
819,2023/7/14 9:17,2023/7/14 9:37,17170,17100,-1,20230714,cf2309,1,13.656,0.344,5,5
820,2023/7/14 10:01,2023/7/14 10:49,17140,17165,1,20230714,cf2309,1,4.656,0.344,5,5
821,2023/7/14 10:55,2023/7/14 11:08,17130,17140,1,20230714,cf2309,1,1.656,0.344,5,5
822,2023/7/14 10:55,2023/7/14 11:08,17135,17140,1,20230714,cf2309,1,0.656,0.344,5,5
823,2023/7/13 21:53,2023/7/14 14:59,17260,17255,1,20230714,cf2309,1,-1.344,0.344,5,5
824,2023/7/14 21:00,2023/7/14 21:14,17180,17135,-1,20230717,cf2309,1,8.656,0.344,5,5
825,2023/7/14 21:08,2023/7/14 21:20,17145,17130,1,20230717,cf2309,1,-3.344,0.344,5,5
826,2023/7/14 21:08,2023/7/14 21:35,17145,17115,1,20230717,cf2309,1,-6.344,0.344,5,5
827,2023/7/11 14:01,2023/7/17 9:00,16660,16655,-1,20230717,cf2309,1,0.656,0.344,5,5
828,2023/7/11 13:53,2023/7/17 9:00,16655,16660,-1,20230717,cf2309,1,-1.344,0.344,5,5
829,2023/7/17 9:01,2023/7/17 9:08,16930,16880,-1,20230717,cf2309,1,9.656,0.344,5,5
830,2023/7/17 9:01,2023/7/17 9:08,16915,16880,-1,20230717,cf2309,1,6.656,0.344,5,5
831,2023/7/17 9:01,2023/7/17 9:08,16915,16870,-1,20230717,cf2309,1,8.656,0.344,5,5
832,2023/7/17 11:19,2023/7/17 13:40,16930,16930,-1,20230717,cf2309,1,-0.344,0.344,5,5
833,2023/7/17 14:18,2023/7/17 14:30,16915,16910,-1,20230717,cf2309,1,0.656,0.344,5,5
834,2023/7/17 14:13,2023/7/17 14:35,16910,16905,-1,20230717,cf2309,1,0.656,0.344,5,5
835,2023/7/17 14:51,2023/7/17 14:57,16910,16900,-1,20230717,cf2309,1,1.656,0.344,5,5
836,2023/7/17 14:51,2023/7/17 14:57,16900,16895,-1,20230717,cf2309,1,0.656,0.344,5,5
837,2023/7/17 21:45,2023/7/17 21:54,16940,16940,-1,20230718,cf2309,1,-0.344,0.344,5,5
838,2023/7/14 21:55,2023/7/17 22:44,17130,17130,1,20230718,cf2309,1,-0.344,0.344,5,5
839,2023/7/14 21:54,2023/7/17 22:44,17135,17135,1,20230718,cf2309,1,-0.344,0.344,5,5
840,2023/7/17 22:44,2023/7/17 22:59,17110,17170,1,20230718,cf2309,1,11.656,0.344,5,5
841,2023/7/17 14:50,2023/7/18 9:00,16890,16885,-1,20230718,cf2309,1,0.656,0.344,5,5
842,2023/7/18 9:08,2023/7/18 9:22,17205,17235,1,20230718,cf2309,1,5.656,0.344,5,5
843,2023/7/18 9:51,2023/7/18 10:02,17180,17180,-1,20230718,cf2309,1,-0.344,0.344,5,5
844,2023/7/18 10:38,2023/7/18 10:44,17190,17190,-1,20230718,cf2309,1,-0.344,0.344,5,5
845,2023/7/18 10:36,2023/7/18 10:44,17185,17185,-1,20230718,cf2309,1,-0.344,0.344,5,5
846,2023/7/18 10:34,2023/7/18 10:44,17160,17175,-1,20230718,cf2309,1,-3.344,0.344,5,5
847,2023/7/18 10:54,2023/7/18 11:08,17210,17205,1,20230718,cf2309,1,-1.344,0.344,5,5
848,2023/7/18 13:40,2023/7/18 13:46,17190,17185,-1,20230718,cf2309,1,0.656,0.344,5,5
849,2023/7/18 13:39,2023/7/18 13:47,17180,17175,-1,20230718,cf2309,1,0.656,0.344,5,5
850,2023/7/18 13:48,2023/7/18 14:13,17175,17155,-1,20230718,cf2309,1,3.656,0.344,5,5
851,2023/7/18 14:17,2023/7/18 14:28,17200,17205,1,20230718,cf2309,1,0.656,0.344,5,5
852,2023/7/18 14:29,2023/7/18 14:40,17190,17205,1,20230718,cf2309,1,2.656,0.344,5,5
853,2023/7/18 14:57,2023/7/18 21:00,17175,16990,-1,20230719,cf2309,1,36.656,0.344,5,5
854,2023/7/18 22:25,2023/7/18 22:30,16910,16920,1,20230719,cf2309,1,1.656,0.344,5,5
855,2023/7/18 21:43,2023/7/19 9:00,16915,16880,-1,20230719,cf2309,1,6.656,0.344,5,5
856,2023/7/19 9:09,2023/7/19 9:15,16920,16935,1,20230719,cf2309,1,2.656,0.344,5,5
857,2023/7/19 9:34,2023/7/19 9:41,16970,16995,1,20230719,cf2309,1,4.656,0.344,5,5
858,2023/7/19 11:02,2023/7/19 11:11,16915,16910,-1,20230719,cf2309,1,0.656,0.344,5,5
859,2023/7/19 10:56,2023/7/19 11:12,16915,16905,-1,20230719,cf2309,1,1.656,0.344,5,5
860,2023/7/19 13:35,2023/7/19 13:38,16910,16925,1,20230719,cf2309,1,2.656,0.344,5,5
861,2023/7/19 21:01,2023/7/19 21:09,17130,17160,1,20230720,cf2309,1,5.656,0.344,5,5
862,2023/7/18 14:28,2023/7/19 21:22,17205,17220,1,20230720,cf2309,1,2.656,0.344,5,5
863,2023/7/18 9:30,2023/7/19 21:22,17245,17235,1,20230720,cf2309,1,-2.344,0.344,5,5
864,2023/7/19 22:08,2023/7/19 22:21,17180,17150,-1,20230720,cf2309,1,5.656,0.344,5,5
865,2023/7/19 21:58,2023/7/19 22:21,17190,17145,-1,20230720,cf2309,1,8.656,0.344,5,5
866,2023/7/19 21:56,2023/7/19 22:23,17170,17140,-1,20230720,cf2309,1,5.656,0.344,5,5
867,2023/7/20 9:01,2023/7/20 9:10,17170,17175,1,20230720,cf2309,1,0.656,0.344,5,5
868,2023/7/20 9:18,2023/7/20 9:18,17160,17165,1,20230720,cf2309,1,0.656,0.344,5,5
869,2023/7/20 9:12,2023/7/20 9:19,17155,17170,1,20230720,cf2309,1,2.656,0.344,5,5
870,2023/7/20 9:51,2023/7/20 10:10,17150,17125,-1,20230720,cf2309,1,4.656,0.344,5,5
871,2023/7/20 9:50,2023/7/20 10:10,17140,17115,-1,20230720,cf2309,1,4.656,0.344,5,5
872,2023/7/20 10:11,2023/7/20 10:39,17135,17145,-1,20230720,cf2309,1,-2.344,0.344,5,5
873,2023/7/20 10:10,2023/7/20 10:40,17115,17135,-1,20230720,cf2309,1,-4.344,0.344,5,5
874,2023/7/20 9:10,2023/7/20 10:51,17175,17180,1,20230720,cf2309,1,0.656,0.344,5,5
875,2023/7/20 11:01,2023/7/20 14:02,17180,17200,1,20230720,cf2309,1,3.656,0.344,5,5
876,2023/7/20 10:51,2023/7/20 14:03,17190,17205,1,20230720,cf2309,1,2.656,0.344,5,5
877,2023/7/20 13:40,2023/7/20 14:20,17150,17160,-1,20230720,cf2309,1,-2.344,0.344,5,5
878,2023/7/20 13:40,2023/7/20 14:20,17145,17160,-1,20230720,cf2309,1,-3.344,0.344,5,5
879,2023/7/20 14:03,2023/7/20 14:26,17200,17180,1,20230720,cf2309,1,-4.344,0.344,5,5
880,2023/7/20 14:26,2023/7/20 14:30,17180,17170,-1,20230720,cf2309,1,1.656,0.344,5,5
881,2023/7/20 14:26,2023/7/20 14:32,17180,17160,-1,20230720,cf2309,1,3.656,0.344,5,5
882,2023/7/20 13:40,2023/7/20 14:32,17145,17150,-1,20230720,cf2309,1,-1.344,0.344,5,5
883,2023/7/20 14:33,2023/7/20 14:46,17155,17150,-1,20230720,cf2309,1,0.656,0.344,5,5
884,2023/7/20 14:51,2023/7/20 21:09,17160,17165,-1,20230721,cf2309,1,-1.344,0.344,5,5
885,2023/7/20 14:50,2023/7/20 21:11,17145,17150,-1,20230721,cf2309,1,-1.344,0.344,5,5
